last_update,confirmed,deaths,recovered,active,country_id,iso2,iso3,name,landlocked,latitude,longitude,main_religion_2008,un_state,world_4region,population,country_region
2020-01-26,1,,,,14,CA,CAN,Canada,coastline,60.0000,-113.0000,christian,TRUE,americas,37855702,Canada
2020-01-27,1,,,,14,CA,CAN,Canada,coastline,60.0000,-113.0000,christian,TRUE,americas,37855702,Canada
2020-01-28,2,,,,14,CA,CAN,Canada,coastline,60.0000,-113.0000,christian,TRUE,americas,37855702,Canada
2020-01-29,2,,,,14,CA,CAN,Canada,coastline,60.0000,-113.0000,christian,TRUE,americas,37855702,Canada
2020-01-30,3,,,,14,CA,CAN,Canada,coastline,60.0000,-113.0000,christian,TRUE,americas,37855702,Canada
2020-01-31,3,,,,14,CA,CAN,Canada,coastline,60.0000,-113.0000,christian,TRUE,americas,37855702,Canada
2020-02-01,13,,,,14,CA,CAN,Canada,coastline,60.0000,-113.0000,christian,TRUE,americas,37855702,Canada
2020-02-04,42,,,,14,CA,CAN,Canada,coastline,60.0000,-113.0000,christian,TRUE,americas,37855702,Canada
2020-02-05,4,,,,14,CA,CAN,Canada,coastline,60.0000,-113.0000,christian,TRUE,americas,37855702,Canada
2020-02-07,40,,,,14,CA,CAN,Canada,coastline,60.0000,-113.0000,christian,TRUE,americas,37855702,Canada
2020-02-12,26,,26,,14,CA,CAN,Canada,coastline,60.0000,-113.0000,christian,TRUE,americas,37855702,Canada
2020-02-17,20,,,,14,CA,CAN,Canada,coastline,60.0000,-113.0000,christian,TRUE,americas,37855702,Canada
2020-02-21,30,,6,,14,CA,CAN,Canada,coastline,60.0000,-113.0000,christian,TRUE,americas,37855702,Canada
2020-02-24,9,,6,,14,CA,CAN,Canada,coastline,60.0000,-113.0000,christian,TRUE,americas,37855702,Canada
2020-02-25,14,,,,14,CA,CAN,Canada,coastline,60.0000,-113.0000,christian,TRUE,americas,37855702,Canada
2020-02-27,24,,10,,14,CA,CAN,Canada,coastline,60.0000,-113.0000,christian,TRUE,americas,37855702,Canada
2020-02-28,6,,,,14,CA,CAN,Canada,coastline,60.0000,-113.0000,christian,TRUE,americas,37855702,Canada
2020-02-29,34,,11,,14,CA,CAN,Canada,coastline,60.0000,-113.0000,christian,TRUE,americas,37855702,Canada
2020-03-01,14,,2,,14,CA,CAN,Canada,coastline,60.0000,-113.0000,christian,TRUE,americas,37855702,Canada
2020-03-02,17,,2,,14,CA,CAN,Canada,coastline,60.0000,-113.0000,christian,TRUE,americas,37855702,Canada
2020-03-03,47,,7,,14,CA,CAN,Canada,coastline,60.0000,-113.0000,christian,TRUE,americas,37855702,Canada
2020-03-04,12,,3,,14,CA,CAN,Canada,coastline,60.0000,-113.0000,christian,TRUE,americas,37855702,Canada
2020-03-05,38,,5,,14,CA,CAN,Canada,coastline,60.0000,-113.0000,christian,TRUE,americas,37855702,Canada
2020-03-06,48,,5,,14,CA,CAN,Canada,coastline,60.0000,-113.0000,christian,TRUE,americas,37855702,Canada
2020-03-07,52,,7,,14,CA,CAN,Canada,coastline,60.0000,-113.0000,christian,TRUE,americas,37855702,Canada
2020-03-08,62,,7,,14,CA,CAN,Canada,coastline,60.0000,-113.0000,christian,TRUE,americas,37855702,Canada
2020-03-09,115,2,12,,14,CA,CAN,Canada,coastline,60.0000,-113.0000,christian,TRUE,americas,37855702,Canada
2020-03-10,40,,4,,14,CA,CAN,Canada,coastline,60.0000,-113.0000,christian,TRUE,americas,37855702,Canada
2020-03-11,322,2,16,,14,CA,CAN,Canada,coastline,60.0000,-113.0000,christian,TRUE,americas,37855702,Canada
2020-03-12,97,1,8,,14,CA,CAN,Canada,coastline,60.0000,-113.0000,christian,TRUE,americas,37855702,Canada
2020-03-13,17,,,,14,CA,CAN,Canada,coastline,60.0000,-113.0000,christian,TRUE,americas,37855702,Canada
2020-03-14,184,1,8,,14,CA,CAN,Canada,coastline,60.0000,-113.0000,christian,TRUE,americas,37855702,Canada
2020-03-15,248,1,8,,14,CA,CAN,Canada,coastline,60.0000,-113.0000,christian,TRUE,americas,37855702,Canada
2020-03-16,523,8,13,,14,CA,CAN,Canada,coastline,60.0000,-113.0000,christian,TRUE,americas,37855702,Canada
2020-03-17,373,2,5,,14,CA,CAN,Canada,coastline,60.0000,-113.0000,christian,TRUE,americas,37855702,Canada
2020-03-18,684,11,9,,14,CA,CAN,Canada,coastline,60.0000,-113.0000,christian,TRUE,americas,37855702,Canada
2020-03-19,798,11,9,,14,CA,CAN,Canada,coastline,60.0000,-113.0000,christian,TRUE,americas,37855702,Canada
2020-03-20,923,15,9,,14,CA,CAN,Canada,coastline,60.0000,-113.0000,christian,TRUE,americas,37855702,Canada
2020-03-21,1266,19,10,,14,CA,CAN,Canada,coastline,60.0000,-113.0000,christian,TRUE,americas,37855702,Canada
2020-03-22,1470,22,,,14,CA,CAN,Canada,coastline,60.0000,-113.0000,christian,TRUE,americas,37855702,Canada
2020-03-23,2088,29,,,14,CA,CAN,Canada,coastline,60.0000,-113.0000,christian,TRUE,americas,37855702,Canada
2020-03-24,2790,33,110,,14,CA,CAN,Canada,coastline,60.0000,-113.0000,christian,TRUE,americas,37855702,Canada
2020-03-25,3251,42,183,,14,CA,CAN,Canada,coastline,60.0000,-113.0000,christian,TRUE,americas,37855702,Canada
2020-03-26,4042,57,184,,14,CA,CAN,Canada,coastline,60.0000,-113.0000,christian,TRUE,americas,37855702,Canada
2020-03-27,4682,66,256,,14,CA,CAN,Canada,coastline,60.0000,-113.0000,christian,TRUE,americas,37855702,Canada
2020-03-28,5576,82,466,,14,CA,CAN,Canada,coastline,60.0000,-113.0000,christian,TRUE,americas,37855702,Canada
2020-03-29,6280,96,466,,14,CA,CAN,Canada,coastline,60.0000,-113.0000,christian,TRUE,americas,37855702,Canada
2020-03-30,7398,125,466,,14,CA,CAN,Canada,coastline,60.0000,-113.0000,christian,TRUE,americas,37855702,Canada
2020-03-31,8527,152,1592,,14,CA,CAN,Canada,coastline,60.0000,-113.0000,christian,TRUE,americas,37855702,Canada
2020-04-01,9560,175,1324,,14,CA,CAN,Canada,coastline,60.0000,-113.0000,christian,TRUE,americas,37855702,Canada
2020-04-02,11284,224,1735,,14,CA,CAN,Canada,coastline,60.0000,-113.0000,christian,TRUE,americas,37855702,Canada
2020-04-03,12437,277,2175,,14,CA,CAN,Canada,coastline,60.0000,-113.0000,christian,TRUE,americas,37855702,Canada
2020-04-04,12978,360,2577,,14,CA,CAN,Canada,coastline,60.0000,-113.0000,christian,TRUE,americas,37855702,Canada
2020-04-05,15756,435,3012,,14,CA,CAN,Canada,coastline,60.0000,-113.0000,christian,TRUE,americas,37855702,Canada
2020-04-06,16563,520,3256,,14,CA,CAN,Canada,coastline,60.0000,-113.0000,christian,TRUE,americas,37855702,Canada
2020-04-07,17872,581,3791,,14,CA,CAN,Canada,coastline,60.0000,-113.0000,christian,TRUE,americas,37855702,Canada
2020-04-08,19141,648,4154,,14,CA,CAN,Canada,coastline,60.0000,-113.0000,christian,TRUE,americas,37855702,Canada
2020-04-09,20654,771,5162,,14,CA,CAN,Canada,coastline,60.0000,-113.0000,christian,TRUE,americas,37855702,Canada
2020-04-10,22059,867,5855,,14,CA,CAN,Canada,coastline,60.0000,-113.0000,christian,TRUE,americas,37855702,Canada
2020-04-11,23316,986,6589,,14,CA,CAN,Canada,coastline,60.0000,-113.0000,christian,TRUE,americas,37855702,Canada
2020-04-12,24299,1094,7123,16463,14,CA,CAN,Canada,coastline,60.0000,-113.0000,christian,TRUE,americas,37855702,Canada
2020-04-13,25680,1224,7758,17142,14,CA,CAN,Canada,coastline,60.0000,-113.0000,christian,TRUE,americas,37855702,Canada
2020-04-14,27035,1360,8210,17925,14,CA,CAN,Canada,coastline,60.0000,-113.0000,christian,TRUE,americas,37855702,Canada
2020-04-15,28209,1514,8966,18236,14,CA,CAN,Canada,coastline,60.0000,-113.0000,christian,TRUE,americas,37855702,Canada
2020-04-16,30809,1717,9698,19853,14,CA,CAN,Canada,coastline,60.0000,-113.0000,christian,TRUE,americas,37855702,Canada
2020-04-17,32814,1843,10545,20914,14,CA,CAN,Canada,coastline,60.0000,-113.0000,christian,TRUE,americas,37855702,Canada
2020-04-18,34356,1986,10964,21992,14,CA,CAN,Canada,coastline,60.0000,-113.0000,christian,TRUE,americas,37855702,Canada
2020-04-19,35633,2144,11847,22222,14,CA,CAN,Canada,coastline,60.0000,-113.0000,christian,TRUE,americas,37855702,Canada
2020-04-20,37658,2290,12543,23389,14,CA,CAN,Canada,coastline,60.0000,-113.0000,christian,TRUE,americas,37855702,Canada
2020-04-21,39402,2483,13188,24305,14,CA,CAN,Canada,coastline,60.0000,-113.0000,christian,TRUE,americas,37855702,Canada
2020-04-22,41650,2678,14454,25119,14,CA,CAN,Canada,coastline,60.0000,-113.0000,christian,TRUE,americas,37855702,Canada
2020-04-24,43286,2850,14761,26285,14,CA,CAN,Canada,coastline,60.0000,-113.0000,christian,TRUE,americas,37855702,Canada
2020-04-25,44056,3014,15149,26522,14,CA,CAN,Canada,coastline,60.0000,-113.0000,christian,TRUE,americas,37855702,Canada
2020-04-26,45493,3195,16013,26932,14,CA,CAN,Canada,coastline,60.0000,-113.0000,christian,TRUE,americas,37855702,Canada
2020-04-27,47147,3350,16883,27602,14,CA,CAN,Canada,coastline,60.0000,-113.0000,christian,TRUE,americas,37855702,Canada
2020-04-28,49616,3559,18268,28507,14,CA,CAN,Canada,coastline,60.0000,-113.0000,christian,TRUE,americas,37855702,Canada
2020-04-29,51150,3756,19231,28936,14,CA,CAN,Canada,coastline,60.0000,-113.0000,christian,TRUE,americas,37855702,Canada
2020-04-30,52865,4000,20327,29383,14,CA,CAN,Canada,coastline,60.0000,-113.0000,christian,TRUE,americas,37855702,Canada
2020-05-01,54457,4179,21424,29723,14,CA,CAN,Canada,coastline,60.0000,-113.0000,christian,TRUE,americas,37855702,Canada
2020-05-02,56343,4381,22764,30042,14,CA,CAN,Canada,coastline,60.0000,-113.0000,christian,TRUE,americas,37855702,Canada
2020-05-03,57926,4529,23814,30428,14,CA,CAN,Canada,coastline,60.0000,-113.0000,christian,TRUE,americas,37855702,Canada
2020-05-04,60504,4669,24921,31788,14,CA,CAN,Canada,coastline,60.0000,-113.0000,christian,TRUE,americas,37855702,Canada
2020-05-05,61957,4911,26030,31924,14,CA,CAN,Canada,coastline,60.0000,-113.0000,christian,TRUE,americas,37855702,Canada
2020-05-06,63215,5081,27006,32019,14,CA,CAN,Canada,coastline,60.0000,-113.0000,christian,TRUE,americas,37855702,Canada
2020-05-07,64694,5240,28184,32144,14,CA,CAN,Canada,coastline,60.0000,-113.0000,christian,TRUE,americas,37855702,Canada
2020-05-08,66201,5387,29260,32400,14,CA,CAN,Canada,coastline,60.0000,-113.0000,christian,TRUE,americas,37855702,Canada
2020-05-09,67674,5540,30239,32738,14,CA,CAN,Canada,coastline,60.0000,-113.0000,christian,TRUE,americas,37855702,Canada
2020-05-10,68918,5704,31262,32833,14,CA,CAN,Canada,coastline,60.0000,-113.0000,christian,TRUE,americas,37855702,Canada
2020-05-11,70091,5822,32109,32991,14,CA,CAN,Canada,coastline,60.0000,-113.0000,christian,TRUE,americas,37855702,Canada
2020-05-12,71264,5956,33007,33142,14,CA,CAN,Canada,coastline,60.0000,-113.0000,christian,TRUE,americas,37855702,Canada
2020-05-13,72419,6107,34055,33064,14,CA,CAN,Canada,coastline,60.0000,-113.0000,christian,TRUE,americas,37855702,Canada
2020-05-14,73568,6210,35177,32966,14,CA,CAN,Canada,coastline,60.0000,-113.0000,christian,TRUE,americas,37855702,Canada
2020-05-15,74781,6331,36104,33085,14,CA,CAN,Canada,coastline,60.0000,-113.0000,christian,TRUE,americas,37855702,Canada
2020-05-16,75959,6452,36908,33372,14,CA,CAN,Canada,coastline,60.0000,-113.0000,christian,TRUE,americas,37855702,Canada
2020-05-17,77206,6571,37832,33574,14,CA,CAN,Canada,coastline,60.0000,-113.0000,christian,TRUE,americas,37855702,Canada
2020-05-18,78332,6661,38563,33866,14,CA,CAN,Canada,coastline,60.0000,-113.0000,christian,TRUE,americas,37855702,Canada
2020-05-19,79411,6753,39251,34200,14,CA,CAN,Canada,coastline,60.0000,-113.0000,christian,TRUE,americas,37855702,Canada
2020-05-20,80493,6828,40069,34396,14,CA,CAN,Canada,coastline,60.0000,-113.0000,christian,TRUE,americas,37855702,Canada
2020-05-21,81575,6950,40793,34632,14,CA,CAN,Canada,coastline,60.0000,-113.0000,christian,TRUE,americas,37855702,Canada
2020-05-22,82742,7046,41731,34744,14,CA,CAN,Canada,coastline,60.0000,-113.0000,christian,TRUE,americas,37855702,Canada
2020-05-23,83947,7144,42608,34979,14,CA,CAN,Canada,coastline,60.0000,-113.0000,christian,TRUE,americas,37855702,Canada
2020-05-24,85151,7238,43318,35367,14,CA,CAN,Canada,coastline,60.0000,-113.0000,christian,TRUE,americas,37855702,Canada
2020-05-25,86106,7326,43998,35574,14,CA,CAN,Canada,coastline,60.0000,-113.0000,christian,TRUE,americas,37855702,Canada
2020-05-26,87119,7420,44651,35813,14,CA,CAN,Canada,coastline,60.0000,-113.0000,christian,TRUE,americas,37855702,Canada
2020-05-27,88090,7512,45352,35985,14,CA,CAN,Canada,coastline,60.0000,-113.0000,christian,TRUE,americas,37855702,Canada
2020-05-28,88989,7606,46248,35865,14,CA,CAN,Canada,coastline,60.0000,-113.0000,christian,TRUE,americas,37855702,Canada
2020-05-29,89976,7717,46961,36033,14,CA,CAN,Canada,coastline,60.0000,-113.0000,christian,TRUE,americas,37855702,Canada
2020-05-30,90909,7797,47905,35941,14,CA,CAN,Canada,coastline,60.0000,-113.0000,christian,TRUE,americas,37855702,Canada
2020-05-31,91681,7857,48517,36005,14,CA,CAN,Canada,coastline,60.0000,-113.0000,christian,TRUE,americas,37855702,Canada
2020-06-01,92479,7906,49213,35892,14,CA,CAN,Canada,coastline,60.0000,-113.0000,christian,TRUE,americas,37855702,Canada
2020-06-02,93288,7952,50091,35793,14,CA,CAN,Canada,coastline,60.0000,-113.0000,christian,TRUE,americas,37855702,Canada
2020-06-03,93960,8007,50725,35758,14,CA,CAN,Canada,coastline,60.0000,-113.0000,christian,TRUE,americas,37855702,Canada
2020-06-04,94641,8062,51506,35556,14,CA,CAN,Canada,coastline,60.0000,-113.0000,christian,TRUE,americas,37855702,Canada
2020-06-05,95269,8126,52184,35368,14,CA,CAN,Canada,coastline,60.0000,-113.0000,christian,TRUE,americas,37855702,Canada
2020-06-06,95947,8166,53074,35095,14,CA,CAN,Canada,coastline,60.0000,-113.0000,christian,TRUE,americas,37855702,Canada
2020-06-07,96475,8228,54087,34538,14,CA,CAN,Canada,coastline,60.0000,-113.0000,christian,TRUE,americas,37855702,Canada
2020-06-08,97178,8269,54675,34626,14,CA,CAN,Canada,coastline,60.0000,-113.0000,christian,TRUE,americas,37855702,Canada
2020-06-09,97779,8313,55343,34526,14,CA,CAN,Canada,coastline,60.0000,-113.0000,christian,TRUE,americas,37855702,Canada
2020-06-10,98241,8347,56117,34154,14,CA,CAN,Canada,coastline,60.0000,-113.0000,christian,TRUE,americas,37855702,Canada
2020-06-11,98720,8382,57215,33467,14,CA,CAN,Canada,coastline,60.0000,-113.0000,christian,TRUE,americas,37855702,Canada
2020-06-12,99159,8413,58131,32957,14,CA,CAN,Canada,coastline,60.0000,-113.0000,christian,TRUE,americas,37855702,Canada
2020-06-13,99595,8442,59034,32436,14,CA,CAN,Canada,coastline,60.0000,-113.0000,christian,TRUE,americas,37855702,Canada
2020-06-14,100043,8470,59851,32009,14,CA,CAN,Canada,coastline,60.0000,-113.0000,christian,TRUE,americas,37855702,Canada
2020-06-15,100404,8489,60668,31518,14,CA,CAN,Canada,coastline,60.0000,-113.0000,christian,TRUE,americas,37855702,Canada
2020-06-16,100763,8497,61466,31069,14,CA,CAN,Canada,coastline,60.0000,-113.0000,christian,TRUE,americas,37855702,Canada
2020-06-17,101087,8521,61899,30917,14,CA,CAN,Canada,coastline,60.0000,-113.0000,christian,TRUE,americas,37855702,Canada
2020-06-18,101491,8542,63280,29899,14,CA,CAN,Canada,coastline,60.0000,-113.0000,christian,TRUE,americas,37855702,Canada
2020-06-19,101877,8555,63782,29734,14,CA,CAN,Canada,coastline,60.0000,-113.0000,christian,TRUE,americas,37855702,Canada
2020-06-20,102314,8580,64318,29588,14,CA,CAN,Canada,coastline,60.0000,-113.0000,christian,TRUE,americas,37855702,Canada
2020-06-21,102762,8609,64826,29470,14,CA,CAN,Canada,coastline,60.0000,-113.0000,christian,TRUE,americas,37855702,Canada
2020-06-22,103078,8626,65249,29347,14,CA,CAN,Canada,coastline,60.0000,-113.0000,christian,TRUE,americas,37855702,Canada
2020-06-23,103418,8646,65721,29203,14,CA,CAN,Canada,coastline,60.0000,-113.0000,christian,TRUE,americas,37855702,Canada
2020-06-24,103767,8670,66135,29120,14,CA,CAN,Canada,coastline,60.0000,-113.0000,christian,TRUE,americas,37855702,Canada
2020-06-25,104087,8700,66533,29010,14,CA,CAN,Canada,coastline,60.0000,-113.0000,christian,TRUE,americas,37855702,Canada
2020-06-26,104463,8723,66869,29027,14,CA,CAN,Canada,coastline,60.0000,-113.0000,christian,TRUE,americas,37855702,Canada
2020-06-27,104629,8730,67182,28876,14,CA,CAN,Canada,coastline,60.0000,-113.0000,christian,TRUE,americas,37855702,Canada
2020-06-28,104878,8739,67445,28857,14,CA,CAN,Canada,coastline,60.0000,-113.0000,christian,TRUE,americas,37855702,Canada
2020-06-29,105193,8749,67689,28922,14,CA,CAN,Canada,coastline,60.0000,-113.0000,christian,TRUE,americas,37855702,Canada
2020-06-30,105830,8768,68698,28504,14,CA,CAN,Canada,coastline,60.0000,-113.0000,christian,TRUE,americas,37855702,Canada
2020-07-01,106097,8780,69120,28327,14,CA,CAN,Canada,coastline,60.0000,-113.0000,christian,TRUE,americas,37855702,Canada
2020-07-02,106288,8790,69397,28213,14,CA,CAN,Canada,coastline,60.0000,-113.0000,christian,TRUE,americas,37855702,Canada
2020-07-03,106643,8806,69872,28071,14,CA,CAN,Canada,coastline,60.0000,-113.0000,christian,TRUE,americas,37855702,Canada
2020-07-04,106962,8813,70232,28009,14,CA,CAN,Canada,coastline,60.0000,-113.0000,christian,TRUE,americas,37855702,Canada
2020-07-05,107185,8821,70507,27947,14,CA,CAN,Canada,coastline,60.0000,-113.0000,christian,TRUE,americas,37855702,Canada
2020-07-06,107394,8823,70772,27884,14,CA,CAN,Canada,coastline,60.0000,-113.0000,christian,TRUE,americas,37855702,Canada
2020-07-07,107815,8836,71141,27927,14,CA,CAN,Canada,coastline,60.0000,-113.0000,christian,TRUE,americas,37855702,Canada
2020-07-08,108023,8843,71418,27841,14,CA,CAN,Canada,coastline,60.0000,-113.0000,christian,TRUE,americas,37855702,Canada
2020-07-09,108334,8855,71805,27744,14,CA,CAN,Canada,coastline,60.0000,-113.0000,christian,TRUE,americas,37855702,Canada
2020-07-10,108656,8865,72095,27765,14,CA,CAN,Canada,coastline,60.0000,-113.0000,christian,TRUE,americas,37855702,Canada
2020-07-11,108984,8879,72466,27708,14,CA,CAN,Canada,coastline,60.0000,-113.0000,christian,TRUE,americas,37855702,Canada
2020-07-12,109150,8882,72784,27549,14,CA,CAN,Canada,coastline,60.0000,-113.0000,christian,TRUE,americas,37855702,Canada
2020-07-13,109725,8887,73331,27566,14,CA,CAN,Canada,coastline,60.0000,-113.0000,christian,TRUE,americas,37855702,Canada
2020-07-14,109971,8895,73368,27768,14,CA,CAN,Canada,coastline,60.0000,-113.0000,christian,TRUE,americas,37855702,Canada
2020-07-15,110337,8900,73700,27793,14,CA,CAN,Canada,coastline,60.0000,-113.0000,christian,TRUE,americas,37855702,Canada
2020-07-16,110680,8914,74054,27770,14,CA,CAN,Canada,coastline,60.0000,-113.0000,christian,TRUE,americas,37855702,Canada
2020-07-17,111131,8926,74420,27837,14,CA,CAN,Canada,coastline,60.0000,-113.0000,christian,TRUE,americas,37855702,Canada
2020-07-18,111546,8936,98268,4395,14,CA,CAN,Canada,coastline,60.0000,-113.0000,christian,TRUE,americas,37855702,Canada
2020-07-19,111862,8939,98423,4548,14,CA,CAN,Canada,coastline,60.0000,-113.0000,christian,TRUE,americas,37855702,Canada
2020-07-20,112155,8943,98551,4709,14,CA,CAN,Canada,coastline,60.0000,-113.0000,christian,TRUE,americas,37855702,Canada
2020-07-21,112925,8947,98962,5062,14,CA,CAN,Canada,coastline,60.0000,-113.0000,christian,TRUE,americas,37855702,Canada
2020-07-22,113460,8954,99235,5318,14,CA,CAN,Canada,coastline,60.0000,-113.0000,christian,TRUE,americas,37855702,Canada
2020-07-23,113777,8958,99488,5377,14,CA,CAN,Canada,coastline,60.0000,-113.0000,christian,TRUE,americas,37855702,Canada
2020-07-24,114385,8966,99924,5543,14,CA,CAN,Canada,coastline,60.0000,-113.0000,christian,TRUE,americas,37855702,Canada
2020-07-25,115102,8970,100491,5689,14,CA,CAN,Canada,coastline,60.0000,-113.0000,christian,TRUE,americas,37855702,Canada
2020-07-26,115457,8974,100752,5777,14,CA,CAN,Canada,coastline,60.0000,-113.0000,christian,TRUE,americas,37855702,Canada
2020-07-27,115776,8978,100956,5887,14,CA,CAN,Canada,coastline,60.0000,-113.0000,christian,TRUE,americas,37855702,Canada
2020-07-28,116458,8991,101434,6080,14,CA,CAN,Canada,coastline,60.0000,-113.0000,christian,TRUE,americas,37855702,Canada
2020-07-29,116858,9001,101673,6229,14,CA,CAN,Canada,coastline,60.0000,-113.0000,christian,TRUE,americas,37855702,Canada
2020-07-30,117344,9006,101979,6404,14,CA,CAN,Canada,coastline,60.0000,-113.0000,christian,TRUE,americas,37855702,Canada
2020-07-31,117664,9019,102331,6360,14,CA,CAN,Canada,coastline,60.0000,-113.0000,christian,TRUE,americas,37855702,Canada
2020-08-01,118268,9025,102893,6396,14,CA,CAN,Canada,coastline,60.0000,-113.0000,christian,TRUE,americas,37855702,Canada
2020-08-02,118510,9029,103059,6466,14,CA,CAN,Canada,coastline,60.0000,-113.0000,christian,TRUE,americas,37855702,Canada
2020-08-03,118755,9032,103188,6578,14,CA,CAN,Canada,coastline,60.0000,-113.0000,christian,TRUE,americas,37855702,Canada
2020-08-04,118960,9035,103271,6695,14,CA,CAN,Canada,coastline,60.0000,-113.0000,christian,TRUE,americas,37855702,Canada
2020-08-05,119646,9043,104045,6597,14,CA,CAN,Canada,coastline,60.0000,-113.0000,christian,TRUE,americas,37855702,Canada
2020-08-06,120020,9049,104364,6647,14,CA,CAN,Canada,coastline,60.0000,-113.0000,christian,TRUE,americas,37855702,Canada
2020-08-07,120374,9055,104665,6697,14,CA,CAN,Canada,coastline,60.0000,-113.0000,christian,TRUE,americas,37855702,Canada
2020-08-08,120890,9060,105115,6759,14,CA,CAN,Canada,coastline,60.0000,-113.0000,christian,TRUE,americas,37855702,Canada
2020-08-09,121135,9064,105242,6870,14,CA,CAN,Canada,coastline,60.0000,-113.0000,christian,TRUE,americas,37855702,Canada
2020-08-10,121354,9067,105407,6920,14,CA,CAN,Canada,coastline,60.0000,-113.0000,christian,TRUE,americas,37855702,Canada
2020-08-11,122040,9074,108037,4970,14,CA,CAN,Canada,coastline,60.0000,-113.0000,christian,TRUE,americas,37855702,Canada
2020-08-12,122389,9080,108465,4887,14,CA,CAN,Canada,coastline,60.0000,-113.0000,christian,TRUE,americas,37855702,Canada
2020-08-13,122703,9085,108829,4823,14,CA,CAN,Canada,coastline,60.0000,-113.0000,christian,TRUE,americas,37855702,Canada
2020-08-14,123180,9091,109260,4858,14,CA,CAN,Canada,coastline,60.0000,-113.0000,christian,TRUE,americas,37855702,Canada
2020-08-15,123605,9095,109657,4881,14,CA,CAN,Canada,coastline,60.0000,-113.0000,christian,TRUE,americas,37855702,Canada
2020-08-16,123825,9101,109933,4821,14,CA,CAN,Canada,coastline,60.0000,-113.0000,christian,TRUE,americas,37855702,Canada
2020-08-17,124004,9106,110202,4729,14,CA,CAN,Canada,coastline,60.0000,-113.0000,christian,TRUE,americas,37855702,Canada
2020-08-18,124218,9108,110433,4711,14,CA,CAN,Canada,coastline,60.0000,-113.0000,christian,TRUE,americas,37855702,Canada
2020-08-19,125084,9118,111092,4903,14,CA,CAN,Canada,coastline,60.0000,-113.0000,christian,TRUE,americas,37855702,Canada
2020-08-20,125408,9124,111559,4755,14,CA,CAN,Canada,coastline,60.0000,-113.0000,christian,TRUE,americas,37855702,Canada
2020-08-21,125625,9127,111811,4718,14,CA,CAN,Canada,coastline,60.0000,-113.0000,christian,TRUE,americas,37855702,Canada
2020-08-22,126319,9141,112381,4829,14,CA,CAN,Canada,coastline,60.0000,-113.0000,christian,TRUE,americas,37855702,Canada
2020-08-23,126560,9142,112621,4823,14,CA,CAN,Canada,coastline,60.0000,-113.0000,christian,TRUE,americas,37855702,Canada
2020-08-24,126817,9146,112836,4863,14,CA,CAN,Canada,coastline,60.0000,-113.0000,christian,TRUE,americas,37855702,Canada
2020-08-25,127594,9154,113449,5017,14,CA,CAN,Canada,coastline,60.0000,-113.0000,christian,TRUE,americas,37855702,Canada
2020-08-26,127903,9159,113809,4959,14,CA,CAN,Canada,coastline,60.0000,-113.0000,christian,TRUE,americas,37855702,Canada
2020-08-27,128380,9164,114220,5020,14,CA,CAN,Canada,coastline,60.0000,-113.0000,christian,TRUE,americas,37855702,Canada
2020-08-28,128836,9168,114610,5079,14,CA,CAN,Canada,coastline,60.0000,-113.0000,christian,TRUE,americas,37855702,Canada
2020-08-29,129342,9181,115029,5159,14,CA,CAN,Canada,coastline,60.0000,-113.0000,christian,TRUE,americas,37855702,Canada
2020-08-30,129639,9184,115294,5185,14,CA,CAN,Canada,coastline,60.0000,-113.0000,christian,TRUE,americas,37855702,Canada
2020-08-31,129888,9185,115460,5265,14,CA,CAN,Canada,coastline,60.0000,-113.0000,christian,TRUE,americas,37855702,Canada
2020-09-01,130918,9193,116020,5726,14,CA,CAN,Canada,coastline,60.0000,-113.0000,christian,TRUE,americas,37855702,Canada
2020-09-02,131422,9197,116432,5812,14,CA,CAN,Canada,coastline,60.0000,-113.0000,christian,TRUE,americas,37855702,Canada
2020-09-03,131941,9199,116866,5894,14,CA,CAN,Canada,coastline,60.0000,-113.0000,christian,TRUE,americas,37855702,Canada
2020-09-04,132527,9205,117277,6062,14,CA,CAN,Canada,coastline,60.0000,-113.0000,christian,TRUE,americas,37855702,Canada
2020-09-05,133141,9206,117755,6197,14,CA,CAN,Canada,coastline,60.0000,-113.0000,christian,TRUE,americas,37855702,Canada
2020-09-06,133511,9207,117968,6352,14,CA,CAN,Canada,coastline,60.0000,-113.0000,christian,TRUE,americas,37855702,Canada
2020-09-07,133890,9209,118192,6505,14,CA,CAN,Canada,coastline,60.0000,-113.0000,christian,TRUE,americas,37855702,Canada
2020-09-08,134295,9212,118386,6714,14,CA,CAN,Canada,coastline,60.0000,-113.0000,christian,TRUE,americas,37855702,Canada
2020-09-09,135757,9219,119420,7135,14,CA,CAN,Canada,coastline,60.0000,-113.0000,christian,TRUE,americas,37855702,Canada
2020-09-10,136135,9223,119789,7143,14,CA,CAN,Canada,coastline,60.0000,-113.0000,christian,TRUE,americas,37855702,Canada
2020-09-11,136956,9231,120848,6896,14,CA,CAN,Canada,coastline,60.0000,-113.0000,christian,TRUE,americas,37855702,Canada
2020-09-12,137676,9231,121537,6926,14,CA,CAN,Canada,coastline,60.0000,-113.0000,christian,TRUE,americas,37855702,Canada
2020-09-13,138164,9233,121944,7001,14,CA,CAN,Canada,coastline,60.0000,-113.0000,christian,TRUE,americas,37855702,Canada
2020-09-14,138640,9236,122266,7155,14,CA,CAN,Canada,coastline,60.0000,-113.0000,christian,TRUE,americas,37855702,Canada
2020-09-15,140098,9249,123120,7750,14,CA,CAN,Canada,coastline,60.0000,-113.0000,christian,TRUE,americas,37855702,Canada
2020-09-16,140900,9257,123777,7885,14,CA,CAN,Canada,coastline,60.0000,-113.0000,christian,TRUE,americas,37855702,Canada
2020-09-17,141852,9262,124412,8197,14,CA,CAN,Canada,coastline,60.0000,-113.0000,christian,TRUE,americas,37855702,Canada
2020-09-18,142879,9267,124984,8647,14,CA,CAN,Canada,coastline,60.0000,-113.0000,christian,TRUE,americas,37855702,Canada
2020-09-19,144053,9279,125654,9144,14,CA,CAN,Canada,coastline,60.0000,-113.0000,christian,TRUE,americas,37855702,Canada
2020-09-20,144607,9286,125984,9362,14,CA,CAN,Canada,coastline,60.0000,-113.0000,christian,TRUE,americas,37855702,Canada
2020-09-21,145750,9288,126592,9892,14,CA,CAN,Canada,coastline,60.0000,-113.0000,christian,TRUE,americas,37855702,Canada
2020-09-22,147583,9300,127684,10621,14,CA,CAN,Canada,coastline,60.0000,-113.0000,christian,TRUE,americas,37855702,Canada
2020-09-23,148855,9309,128890,10680,14,CA,CAN,Canada,coastline,60.0000,-113.0000,christian,TRUE,americas,37855702,Canada
2020-09-24,149939,9317,129850,10796,14,CA,CAN,Canada,coastline,60.0000,-113.0000,christian,TRUE,americas,37855702,Canada
2020-09-25,151087,9325,130576,11215,14,CA,CAN,Canada,coastline,60.0000,-113.0000,christian,TRUE,americas,37855702,Canada
2020-09-26,152717,9332,131709,11703,14,CA,CAN,Canada,coastline,60.0000,-113.0000,christian,TRUE,americas,37855702,Canada
2020-09-27,153770,9338,132253,12205,14,CA,CAN,Canada,coastline,60.0000,-113.0000,christian,TRUE,americas,37855702,Canada
2020-09-28,155428,9343,133204,12907,14,CA,CAN,Canada,coastline,60.0000,-113.0000,christian,TRUE,americas,37855702,Canada
2020-09-29,157219,9360,134551,13341,14,CA,CAN,Canada,coastline,60.0000,-113.0000,christian,TRUE,americas,37855702,Canada
2020-09-30,158991,9373,135765,13887,14,CA,CAN,Canada,coastline,60.0000,-113.0000,christian,TRUE,americas,37855702,Canada
2020-10-01,161107,9391,137181,14581,14,CA,CAN,Canada,coastline,60.0000,-113.0000,christian,TRUE,americas,37855702,Canada
2020-10-02,162930,9407,138548,15015,14,CA,CAN,Canada,coastline,60.0000,-113.0000,christian,TRUE,americas,37855702,Canada
2020-10-03,165054,9505,139817,15772,14,CA,CAN,Canada,coastline,60.0000,-113.0000,christian,TRUE,americas,37855702,Canada
2020-10-04,166360,9526,140711,16162,14,CA,CAN,Canada,coastline,60.0000,-113.0000,christian,TRUE,americas,37855702,Canada
2020-10-05,168501,9570,142502,16467,14,CA,CAN,Canada,coastline,60.0000,-113.0000,christian,TRUE,americas,37855702,Canada
2020-10-06,171384,9599,144653,17172,14,CA,CAN,Canada,coastline,60.0000,-113.0000,christian,TRUE,americas,37855702,Canada
2020-10-07,173756,9617,146429,17746,14,CA,CAN,Canada,coastline,60.0000,-113.0000,christian,TRUE,americas,37855702,Canada
2020-10-08,175380,9636,147814,17974,14,CA,CAN,Canada,coastline,60.0000,-113.0000,christian,TRUE,americas,37855702,Canada
2020-10-09,177730,9654,149692,18430,14,CA,CAN,Canada,coastline,60.0000,-113.0000,christian,TRUE,americas,37855702,Canada
2020-10-10,180625,9668,152046,18942,14,CA,CAN,Canada,coastline,60.0000,-113.0000,christian,TRUE,americas,37855702,Canada
2020-10-11,182767,9694,153857,19250,14,CA,CAN,Canada,coastline,60.0000,-113.0000,christian,TRUE,americas,37855702,Canada
2020-10-12,184403,9708,155901,18837,14,CA,CAN,Canada,coastline,60.0000,-113.0000,christian,TRUE,americas,37855702,Canada
2020-10-13,185378,9720,156940,18759,14,CA,CAN,Canada,coastline,60.0000,-113.0000,christian,TRUE,americas,37855702,Canada
2020-10-14,189489,9752,160223,19560,14,CA,CAN,Canada,coastline,60.0000,-113.0000,christian,TRUE,americas,37855702,Canada
2020-10-15,192064,9777,162064,20282,14,CA,CAN,Canada,coastline,60.0000,-113.0000,christian,TRUE,americas,37855702,Canada
2020-10-16,194362,9796,164154,20453,14,CA,CAN,Canada,coastline,60.0000,-113.0000,christian,TRUE,americas,37855702,Canada
2020-10-17,196928,9828,166313,20835,14,CA,CAN,Canada,coastline,60.0000,-113.0000,christian,TRUE,americas,37855702,Canada
2020-10-18,197067,9836,166444,20842,14,CA,CAN,Canada,coastline,60.0000,-113.0000,christian,TRUE,americas,37855702,Canada
2020-10-19,200804,9860,169751,21238,14,CA,CAN,Canada,coastline,60.0000,-113.0000,christian,TRUE,americas,37855702,Canada
2020-10-20,204111,9891,172406,21874,14,CA,CAN,Canada,coastline,60.0000,-113.0000,christian,TRUE,americas,37855702,Canada
2020-10-21,206349,9909,174514,21987,14,CA,CAN,Canada,coastline,60.0000,-113.0000,christian,TRUE,americas,37855702,Canada
2020-10-22,209036,9946,171405,22645,14,CA,CAN,Canada,coastline,60.0000,-113.0000,christian,TRUE,americas,37855702,Canada
2020-10-23,211617,9977,173299,23453,14,CA,CAN,Canada,coastline,60.0000,-113.0000,christian,TRUE,americas,37855702,Canada
2020-10-24,214519,10004,180626,23954,14,CA,CAN,Canada,coastline,60.0000,-113.0000,christian,TRUE,americas,37855702,Canada
2020-10-25,216051,10026,181974,24109,14,CA,CAN,Canada,coastline,60.0000,-113.0000,christian,TRUE,americas,37855702,Canada
2020-10-26,218874,10057,184194,24686,14,CA,CAN,Canada,coastline,60.0000,-113.0000,christian,TRUE,americas,37855702,Canada
2020-10-27,222973,10095,187100,25848,14,CA,CAN,Canada,coastline,60.0000,-113.0000,christian,TRUE,americas,37855702,Canada
2020-10-28,225703,10120,189350,26302,14,CA,CAN,Canada,coastline,60.0000,-113.0000,christian,TRUE,americas,37855702,Canada
2020-10-29,228366,10158,191723,26560,14,CA,CAN,Canada,coastline,60.0000,-113.0000,christian,TRUE,americas,37855702,Canada
2020-10-30,231383,10192,194105,27152,14,CA,CAN,Canada,coastline,60.0000,-113.0000,christian,TRUE,americas,37855702,Canada
2020-10-31,234939,10237,196935,27842,14,CA,CAN,Canada,coastline,60.0000,-113.0000,christian,TRUE,americas,37855702,Canada
2020-11-01,237313,10276,198952,28175,14,CA,CAN,Canada,coastline,60.0000,-113.0000,christian,TRUE,americas,37855702,Canada
2020-11-02,239649,10313,200768,28652,14,CA,CAN,Canada,coastline,60.0000,-113.0000,christian,TRUE,americas,37855702,Canada
2020-11-03,243178,10345,203128,29789,14,CA,CAN,Canada,coastline,60.0000,-113.0000,christian,TRUE,americas,37855702,Canada
2020-11-04,247916,10403,206691,30892,14,CA,CAN,Canada,coastline,60.0000,-113.0000,christian,TRUE,americas,37855702,Canada
2020-11-05,250698,10444,208815,31499,14,CA,CAN,Canada,coastline,60.0000,-113.0000,christian,TRUE,americas,37855702,Canada
2020-11-06,253482,10484,210429,32622,14,CA,CAN,Canada,coastline,60.0000,-113.0000,christian,TRUE,americas,37855702,Canada
2020-11-07,258875,10546,214441,33941,14,CA,CAN,Canada,coastline,60.0000,-113.0000,christian,TRUE,americas,37855702,Canada
2020-11-08,263221,10593,216338,36336,14,CA,CAN,Canada,coastline,60.0000,-113.0000,christian,TRUE,americas,37855702,Canada
2020-11-09,267165,10641,218279,38310,14,CA,CAN,Canada,coastline,60.0000,-113.0000,christian,TRUE,americas,37855702,Canada
2020-11-10,272036,10702,221758,39657,14,CA,CAN,Canada,coastline,60.0000,-113.0000,christian,TRUE,americas,37855702,Canada
2020-11-11,276481,10769,224912,40875,14,CA,CAN,Canada,coastline,60.0000,-113.0000,christian,TRUE,americas,37855702,Canada
2020-11-12,280465,10832,226826,42889,14,CA,CAN,Canada,coastline,60.0000,-113.0000,christian,TRUE,americas,37855702,Canada
2020-11-13,285939,10905,230429,44680,14,CA,CAN,Canada,coastline,60.0000,-113.0000,christian,TRUE,americas,37855702,Canada
2020-11-14,290709,10951,234404,45417,14,CA,CAN,Canada,coastline,60.0000,-113.0000,christian,TRUE,americas,37855702,Canada
2020-11-15,295139,11013,236870,47315,14,CA,CAN,Canada,coastline,60.0000,-113.0000,christian,TRUE,americas,37855702,Canada
2020-11-16,299440,11078,240434,47988,14,CA,CAN,Canada,coastline,60.0000,-113.0000,christian,TRUE,americas,37855702,Canada
2020-11-17,305473,11152,244699,49676,14,CA,CAN,Canada,coastline,60.0000,-113.0000,christian,TRUE,americas,37855702,Canada
2020-11-18,309935,11220,248859,49883,14,CA,CAN,Canada,coastline,60.0000,-113.0000,christian,TRUE,americas,37855702,Canada
2020-11-19,314453,11324,253089,50059,14,CA,CAN,Canada,coastline,60.0000,-113.0000,christian,TRUE,americas,37855702,Canada
2020-11-20,319247,11394,257310,50552,14,CA,CAN,Canada,coastline,60.0000,-113.0000,christian,TRUE,americas,37855702,Canada
2020-11-21,324234,11461,261754,51014,14,CA,CAN,Canada,coastline,60.0000,-113.0000,christian,TRUE,americas,37855702,Canada
2020-11-22,329191,11527,265568,52062,14,CA,CAN,Canada,coastline,60.0000,-113.0000,christian,TRUE,americas,37855702,Canada
2020-11-23,333936,11583,269137,53170,14,CA,CAN,Canada,coastline,60.0000,-113.0000,christian,TRUE,americas,37855702,Canada
2020-11-24,340731,11662,274315,54847,14,CA,CAN,Canada,coastline,60.0000,-113.0000,christian,TRUE,americas,37855702,Canada
2020-11-25,346013,11762,278191,56147,14,CA,CAN,Canada,coastline,60.0000,-113.0000,christian,TRUE,americas,37855702,Canada
2020-11-26,350971,11820,281883,57356,14,CA,CAN,Canada,coastline,60.0000,-113.0000,christian,TRUE,americas,37855702,Canada
2020-11-27,356650,11902,285672,59161,14,CA,CAN,Canada,coastline,60.0000,-113.0000,christian,TRUE,americas,37855702,Canada
2020-11-28,362604,11988,291221,59468,14,CA,CAN,Canada,coastline,60.0000,-113.0000,christian,TRUE,americas,37855702,Canada
2020-11-29,368279,12056,295475,60812,14,CA,CAN,Canada,coastline,60.0000,-113.0000,christian,TRUE,americas,37855702,Canada
2020-11-30,373662,12130,299095,62522,14,CA,CAN,Canada,coastline,60.0000,-113.0000,christian,TRUE,americas,37855702,Canada
2020-12-01,381557,12239,304595,64816,14,CA,CAN,Canada,coastline,60.0000,-113.0000,christian,TRUE,americas,37855702,Canada
2020-12-02,387052,12317,309557,65267,14,CA,CAN,Canada,coastline,60.0000,-113.0000,christian,TRUE,americas,37855702,Canada
2020-12-03,393506,12423,314529,66636,14,CA,CAN,Canada,coastline,60.0000,-113.0000,christian,TRUE,americas,37855702,Canada
2020-12-04,399770,12513,319250,68098,14,CA,CAN,Canada,coastline,60.0000,-113.0000,christian,TRUE,americas,37855702,Canada
2020-12-05,406189,12616,324802,68869,14,CA,CAN,Canada,coastline,60.0000,-113.0000,christian,TRUE,americas,37855702,Canada
2020-12-06,412543,12690,329676,70261,14,CA,CAN,Canada,coastline,60.0000,-113.0000,christian,TRUE,americas,37855702,Canada
2020-12-07,418848,12775,334375,71786,14,CA,CAN,Canada,coastline,60.0000,-113.0000,christian,TRUE,americas,37855702,Canada
2020-12-08,426572,12896,344034,69743,14,CA,CAN,Canada,coastline,60.0000,-113.0000,christian,TRUE,americas,37855702,Canada
2020-12-09,432743,12993,349629,70228,14,CA,CAN,Canada,coastline,60.0000,-113.0000,christian,TRUE,americas,37855702,Canada
2020-12-10,439142,13109,355401,70733,14,CA,CAN,Canada,coastline,60.0000,-113.0000,christian,TRUE,americas,37855702,Canada
2020-12-11,445828,13227,361020,71679,14,CA,CAN,Canada,coastline,60.0000,-113.0000,christian,TRUE,americas,37855702,Canada
2020-12-12,452543,13355,367837,71440,14,CA,CAN,Canada,coastline,60.0000,-113.0000,christian,TRUE,americas,37855702,Canada
2020-12-13,458527,13453,373898,71263,14,CA,CAN,Canada,coastline,60.0000,-113.0000,christian,TRUE,americas,37855702,Canada
2020-12-14,464443,13537,378653,72340,14,CA,CAN,Canada,coastline,60.0000,-113.0000,christian,TRUE,americas,37855702,Canada
2020-12-15,472820,13677,385021,74230,14,CA,CAN,Canada,coastline,60.0000,-113.0000,christian,TRUE,americas,37855702,Canada
2020-12-16,479064,13793,391435,73945,14,CA,CAN,Canada,coastline,60.0000,-113.0000,christian,TRUE,americas,37855702,Canada
2020-12-17,485576,13911,397217,74545,14,CA,CAN,Canada,coastline,60.0000,-113.0000,christian,TRUE,americas,37855702,Canada
2020-12-18,492582,14067,403667,74976,14,CA,CAN,Canada,coastline,60.0000,-113.0000,christian,TRUE,americas,37855702,Canada
2020-12-19,499282,14180,410988,74240,14,CA,CAN,Canada,coastline,60.0000,-113.0000,christian,TRUE,americas,37855702,Canada
2020-12-20,505741,14284,416901,74670,14,CA,CAN,Canada,coastline,60.0000,-113.0000,christian,TRUE,americas,37855702,Canada
2020-12-21,512814,14456,423241,75329,14,CA,CAN,Canada,coastline,60.0000,-113.0000,christian,TRUE,americas,37855702,Canada
2020-12-22,519312,14480,429359,75608,14,CA,CAN,Canada,coastline,60.0000,-113.0000,christian,TRUE,americas,37855702,Canada
2020-12-23,525572,14606,437445,73684,14,CA,CAN,Canada,coastline,60.0000,-113.0000,christian,TRUE,americas,37855702,Canada
2020-12-24,532493,14751,444153,73725,14,CA,CAN,Canada,coastline,60.0000,-113.0000,christian,TRUE,americas,37855702,Canada
2020-12-25,539177,14901,448106,75320,14,CA,CAN,Canada,coastline,60.0000,-113.0000,christian,TRUE,americas,37855702,Canada
2020-12-26,540926,14965,448816,75167,14,CA,CAN,Canada,coastline,60.0000,-113.0000,christian,TRUE,americas,37855702,Canada
2020-12-27,544040,15050,450656,75504,14,CA,CAN,Canada,coastline,60.0000,-113.0000,christian,TRUE,americas,37855702,Canada
2020-12-28,554140,15170,461121,74520,14,CA,CAN,Canada,coastline,60.0000,-113.0000,christian,TRUE,americas,37855702,Canada
2020-12-29,560605,15327,473187,72250,14,CA,CAN,Canada,coastline,60.0000,-113.0000,christian,TRUE,americas,37855702,Canada
2020-12-30,568794,15527,482931,70477,14,CA,CAN,Canada,coastline,60.0000,-113.0000,christian,TRUE,americas,37855702,Canada
2020-12-31,577253,15649,490216,71540,14,CA,CAN,Canada,coastline,60.0000,-113.0000,christian,TRUE,americas,37855702,Canada
2021-01-01,584396,15761,493625,75140,14,CA,CAN,Canada,coastline,60.0000,-113.0000,christian,TRUE,americas,37855702,Canada
2021-01-02,585387,15805,494424,75320,14,CA,CAN,Canada,coastline,60.0000,-113.0000,christian,TRUE,americas,37855702,Canada
2021-01-03,589922,15913,497479,76737,14,CA,CAN,Canada,coastline,60.0000,-113.0000,christian,TRUE,americas,37855702,Canada
2021-01-04,606063,16005,510582,79602,14,CA,CAN,Canada,coastline,60.0000,-113.0000,christian,TRUE,americas,37855702,Canada
2021-01-05,616121,16246,523435,76589,14,CA,CAN,Canada,coastline,60.0000,-113.0000,christian,TRUE,americas,37855702,Canada
2021-01-06,623371,16388,529567,77552,14,CA,CAN,Canada,coastline,60.0000,-113.0000,christian,TRUE,americas,37855702,Canada
2021-01-07,631453,16538,537011,78040,14,CA,CAN,Canada,coastline,60.0000,-113.0000,christian,TRUE,americas,37855702,Canada
2021-01-08,639680,16703,544034,79052,14,CA,CAN,Canada,coastline,60.0000,-113.0000,christian,TRUE,americas,37855702,Canada
2021-01-09,648917,16845,551970,80213,14,CA,CAN,Canada,coastline,60.0000,-113.0000,christian,TRUE,americas,37855702,Canada
2021-01-10,657310,16983,558581,81861,14,CA,CAN,Canada,coastline,60.0000,-113.0000,christian,TRUE,americas,37855702,Canada
2021-01-11,664593,17073,565036,82598,14,CA,CAN,Canada,coastline,60.0000,-113.0000,christian,TRUE,americas,37855702,Canada
2021-01-12,672918,17198,575139,80684,14,CA,CAN,Canada,coastline,60.0000,-113.0000,christian,TRUE,americas,37855702,Canada
2021-01-13,679059,17358,582809,78996,14,CA,CAN,Canada,coastline,60.0000,-113.0000,christian,TRUE,americas,37855702,Canada
2021-01-14,686198,17538,591118,77677,14,CA,CAN,Canada,coastline,60.0000,-113.0000,christian,TRUE,americas,37855702,Canada
2021-01-15,693645,17685,599740,76347,14,CA,CAN,Canada,coastline,60.0000,-113.0000,christian,TRUE,americas,37855702,Canada
2021-01-16,700525,17855,608309,74474,14,CA,CAN,Canada,coastline,60.0000,-113.0000,christian,TRUE,americas,37855702,Canada
2021-01-17,706884,17977,614679,74319,14,CA,CAN,Canada,coastline,60.0000,-113.0000,christian,TRUE,americas,37855702,Canada
2021-01-18,713168,18105,621844,73301,14,CA,CAN,Canada,coastline,60.0000,-113.0000,christian,TRUE,americas,37855702,Canada
2021-01-19,719588,18230,629534,71925,14,CA,CAN,Canada,coastline,60.0000,-113.0000,christian,TRUE,americas,37855702,Canada
2021-01-20,724616,18381,637119,69209,14,CA,CAN,Canada,coastline,60.0000,-113.0000,christian,TRUE,americas,37855702,Canada
2021-01-21,730317,18566,644954,66948,14,CA,CAN,Canada,coastline,60.0000,-113.0000,christian,TRUE,americas,37855702,Canada
2021-01-22,736428,18705,652233,65686,14,CA,CAN,Canada,coastline,60.0000,-113.0000,christian,TRUE,americas,37855702,Canada
2021-01-23,742255,18886,659172,64451,14,CA,CAN,Canada,coastline,60.0000,-113.0000,christian,TRUE,americas,37855702,Canada
2021-01-24,747349,18991,663539,65120,14,CA,CAN,Canada,coastline,60.0000,-113.0000,christian,TRUE,americas,37855702,Canada
2021-01-25,752028,19118,670925,62336,14,CA,CAN,Canada,coastline,60.0000,-113.0000,christian,TRUE,americas,37855702,Canada
2021-01-26,757645,19244,677623,61154,14,CA,CAN,Canada,coastline,60.0000,-113.0000,christian,TRUE,americas,37855702,Canada
2021-01-27,761686,19391,684804,57900,14,CA,CAN,Canada,coastline,60.0000,-113.0000,christian,TRUE,americas,37855702,Canada
2021-01-28,766006,19484,690356,56437,14,CA,CAN,Canada,coastline,60.0000,-113.0000,christian,TRUE,americas,37855702,Canada
2021-01-29,770812,19675,695565,55191,14,CA,CAN,Canada,coastline,60.0000,-113.0000,christian,TRUE,americas,37855702,Canada
2021-01-30,775639,19824,701293,53819,14,CA,CAN,Canada,coastline,60.0000,-113.0000,christian,TRUE,americas,37855702,Canada
2021-01-31,779749,19957,706272,52562,14,CA,CAN,Canada,coastline,60.0000,-113.0000,christian,TRUE,americas,37855702,Canada
2021-02-01,783682,20040,710686,51764,14,CA,CAN,Canada,coastline,60.0000,-113.0000,christian,TRUE,americas,37855702,Canada
2021-02-02,788184,20144,718036,49993,14,CA,CAN,Canada,coastline,60.0000,-113.0000,christian,TRUE,americas,37855702,Canada
2021-02-03,791132,20241,721989,48890,14,CA,CAN,Canada,coastline,60.0000,-113.0000,christian,TRUE,americas,37855702,Canada
2021-02-04,794399,20360,726245,47794,14,CA,CAN,Canada,coastline,60.0000,-113.0000,christian,TRUE,americas,37855702,Canada
2021-02-05,798381,20485,729755,48141,14,CA,CAN,Canada,coastline,60.0000,-113.0000,christian,TRUE,americas,37855702,Canada
2021-02-06,802517,20606,726082,55829,14,CA,CAN,Canada,coastline,60.0000,-113.0000,christian,TRUE,americas,37855702,Canada
2021-02-07,805781,20699,729358,55724,14,CA,CAN,Canada,coastline,60.0000,-113.0000,christian,TRUE,americas,37855702,Canada
2021-02-08,808988,20759,732675,55554,14,CA,CAN,Canada,coastline,60.0000,-113.0000,christian,TRUE,americas,37855702,Canada
2021-02-09,812791,20829,752377,39585,14,CA,CAN,Canada,coastline,60.0000,-113.0000,christian,TRUE,americas,37855702,Canada
2021-02-10,815474,20913,756575,37986,14,CA,CAN,Canada,coastline,60.0000,-113.0000,christian,TRUE,americas,37855702,Canada
2021-02-11,818742,21006,760463,37273,14,CA,CAN,Canada,coastline,60.0000,-113.0000,christian,TRUE,americas,37855702,Canada
2021-02-12,821919,21088,763966,36865,14,CA,CAN,Canada,coastline,60.0000,-113.0000,christian,TRUE,americas,37855702,Canada
2021-02-13,824598,21167,767157,123251,14,CA,CAN,Canada,coastline,60.0000,-113.0000,christian,TRUE,americas,37855702,Canada
2021-02-14,828395,21237,768994,38164,14,CA,CAN,Canada,coastline,60.0000,-113.0000,christian,TRUE,americas,37855702,Canada
2021-02-15,830599,21260,771943,37396,14,CA,CAN,Canada,coastline,60.0000,-113.0000,christian,TRUE,americas,37855702,Canada
2021-02-16,832362,21297,774690,36375,14,CA,CAN,Canada,coastline,60.0000,-113.0000,christian,TRUE,americas,37855702,Canada
2021-02-17,836581,21394,782137,33050,14,CA,CAN,Canada,coastline,60.0000,-113.0000,christian,TRUE,americas,37855702,Canada
2021-02-18,839142,21438,785495,32209,14,CA,CAN,Canada,coastline,60.0000,-113.0000,christian,TRUE,americas,37855702,Canada
2021-02-19,842577,21508,789095,31974,14,CA,CAN,Canada,coastline,60.0000,-113.0000,christian,TRUE,americas,37855702,Canada
2021-02-20,845660,21580,792442,31638,14,CA,CAN,Canada,coastline,60.0000,-113.0000,christian,TRUE,americas,37855702,Canada
2021-02-21,848317,21630,795438,31249,14,CA,CAN,Canada,coastline,60.0000,-113.0000,christian,TRUE,americas,37855702,Canada
2021-02-22,850724,21674,798116,30934,14,CA,CAN,Canada,coastline,60.0000,-113.0000,christian,TRUE,americas,37855702,Canada
2021-02-23,854177,21719,801665,30793,14,CA,CAN,Canada,coastline,60.0000,-113.0000,christian,TRUE,americas,37855702,Canada
2021-02-24,857390,21760,805415,30215,14,CA,CAN,Canada,coastline,60.0000,-113.0000,christian,TRUE,americas,37855702,Canada
2021-02-25,860335,21809,808436,30090,14,CA,CAN,Canada,coastline,60.0000,-113.0000,christian,TRUE,americas,37855702,Canada
2021-02-26,863482,21867,811538,30077,14,CA,CAN,Canada,coastline,60.0000,-113.0000,christian,TRUE,americas,37855702,Canada
2021-02-27,866654,21914,814546,30194,14,CA,CAN,Canada,coastline,60.0000,-113.0000,christian,TRUE,americas,37855702,Canada
2021-02-28,869334,21960,816959,30415,14,CA,CAN,Canada,coastline,60.0000,-113.0000,christian,TRUE,americas,37855702,Canada
2021-03-01,871681,21989,819407,30285,14,CA,CAN,Canada,coastline,60.0000,-113.0000,christian,TRUE,americas,37855702,Canada
2021-03-02,875375,22013,823236,30126,14,CA,CAN,Canada,coastline,60.0000,-113.0000,christian,TRUE,americas,37855702,Canada
2021-03-03,878038,22042,826159,29837,14,CA,CAN,Canada,coastline,60.0000,-113.0000,christian,TRUE,americas,37855702,Canada
2021-03-04,880822,22104,829274,29444,14,CA,CAN,Canada,coastline,60.0000,-113.0000,christian,TRUE,americas,37855702,Canada
2021-03-05,883802,22151,832071,29580,14,CA,CAN,Canada,coastline,60.0000,-113.0000,christian,TRUE,americas,37855702,Canada
2021-03-06,886769,22182,834855,29732,14,CA,CAN,Canada,coastline,60.0000,-113.0000,christian,TRUE,americas,37855702,Canada
2021-03-07,889538,22211,837717,29610,14,CA,CAN,Canada,coastline,60.0000,-113.0000,christian,TRUE,americas,37855702,Canada
2021-03-08,892186,22233,839811,30142,14,CA,CAN,Canada,coastline,60.0000,-113.0000,christian,TRUE,americas,37855702,Canada
2021-03-09,896234,22270,843888,30076,14,CA,CAN,Canada,coastline,60.0000,-113.0000,christian,TRUE,americas,37855702,Canada
2021-03-10,899162,22301,846918,29943,14,CA,CAN,Canada,coastline,60.0000,-113.0000,christian,TRUE,americas,37855702,Canada
2021-03-11,902221,22329,849771,30121,14,CA,CAN,Canada,coastline,60.0000,-113.0000,christian,TRUE,americas,37855702,Canada
2021-03-12,905326,22366,852426,30534,14,CA,CAN,Canada,coastline,60.0000,-113.0000,christian,TRUE,americas,37855702,Canada
2021-03-13,908841,22396,855836,30609,14,CA,CAN,Canada,coastline,60.0000,-113.0000,christian,TRUE,americas,37855702,Canada
2020-01-22,1,,,,196,US,USA,United States,coastline,39.0000,-98.0000,christian,TRUE,americas,329466283,US
2020-01-23,1,,,,196,US,USA,United States,coastline,39.0000,-98.0000,christian,TRUE,americas,329466283,US
2020-01-24,2,,,,196,US,USA,United States,coastline,39.0000,-98.0000,christian,TRUE,americas,329466283,US
2020-01-25,2,,,,196,US,USA,United States,coastline,39.0000,-98.0000,christian,TRUE,americas,329466283,US
2020-01-26,5,,,,196,US,USA,United States,coastline,39.0000,-98.0000,christian,TRUE,americas,329466283,US
2020-01-27,5,,,,196,US,USA,United States,coastline,39.0000,-98.0000,christian,TRUE,americas,329466283,US
2020-01-28,5,,,,196,US,USA,United States,coastline,39.0000,-98.0000,christian,TRUE,americas,329466283,US
2020-01-29,5,,,,196,US,USA,United States,coastline,39.0000,-98.0000,christian,TRUE,americas,329466283,US
2020-01-30,5,,,,196,US,USA,United States,coastline,39.0000,-98.0000,christian,TRUE,americas,329466283,US
2020-01-31,6,,,,196,US,USA,United States,coastline,39.0000,-98.0000,christian,TRUE,americas,329466283,US
2020-02-01,141,,,,196,US,USA,United States,coastline,39.0000,-98.0000,christian,TRUE,americas,329466283,US
2020-02-03,108,,,,196,US,USA,United States,coastline,39.0000,-98.0000,christian,TRUE,americas,329466283,US
2020-02-05,27,,,,196,US,USA,United States,coastline,39.0000,-98.0000,christian,TRUE,americas,329466283,US
2020-02-09,62,,62,,196,US,USA,United States,coastline,39.0000,-98.0000,christian,TRUE,americas,329466283,US
2020-02-11,2,,,,196,US,USA,United States,coastline,39.0000,-98.0000,christian,TRUE,americas,329466283,US
2020-02-13,42,,,,196,US,USA,United States,coastline,39.0000,-98.0000,christian,TRUE,americas,329466283,US
2020-02-21,84,,21,,196,US,USA,United States,coastline,39.0000,-98.0000,christian,TRUE,americas,329466283,US
2020-02-22,36,,,,196,US,USA,United States,coastline,39.0000,-98.0000,christian,TRUE,americas,329466283,US
2020-02-24,36,,,,196,US,USA,United States,coastline,39.0000,-98.0000,christian,TRUE,americas,329466283,US
2020-02-25,47,,11,,196,US,USA,United States,coastline,39.0000,-98.0000,christian,TRUE,americas,329466283,US
2020-02-26,84,,,,196,US,USA,United States,coastline,39.0000,-98.0000,christian,TRUE,americas,329466283,US
2020-02-27,24,,,,196,US,USA,United States,coastline,39.0000,-98.0000,christian,TRUE,americas,329466283,US
2020-02-28,139,,7,,196,US,USA,United States,coastline,39.0000,-98.0000,christian,TRUE,americas,329466283,US
2020-02-29,15,1,3,,196,US,USA,United States,coastline,39.0000,-98.0000,christian,TRUE,americas,329466283,US
2020-03-01,15,1,3,,196,US,USA,United States,coastline,39.0000,-98.0000,christian,TRUE,americas,329466283,US
2020-03-02,442,6,8,,196,US,USA,United States,coastline,39.0000,-98.0000,christian,TRUE,americas,329466283,US
2020-03-03,128,7,10,,196,US,USA,United States,coastline,39.0000,-98.0000,christian,TRUE,americas,329466283,US
2020-03-04,77,12,1,,196,US,USA,United States,coastline,39.0000,-98.0000,christian,TRUE,americas,329466283,US
2020-03-05,195,11,12,,196,US,USA,United States,coastline,39.0000,-98.0000,christian,TRUE,americas,329466283,US
2020-03-06,240,16,3,,196,US,USA,United States,coastline,39.0000,-98.0000,christian,TRUE,americas,329466283,US
2020-03-07,416,16,7,,196,US,USA,United States,coastline,39.0000,-98.0000,christian,TRUE,americas,329466283,US
2020-03-08,665,40,10,,196,US,USA,United States,coastline,39.0000,-98.0000,christian,TRUE,americas,329466283,US
2020-03-09,203,2,,,196,US,USA,United States,coastline,39.0000,-98.0000,christian,TRUE,americas,329466283,US
2020-03-10,1247,28,8,,196,US,USA,United States,coastline,39.0000,-98.0000,christian,TRUE,americas,329466283,US
2020-03-11,3425,84,21,,196,US,USA,United States,coastline,39.0000,-98.0000,christian,TRUE,americas,329466283,US
2020-03-12,1557,39,11,,196,US,USA,United States,coastline,39.0000,-98.0000,christian,TRUE,americas,329466283,US
2020-03-13,33,,,,196,US,USA,United States,coastline,39.0000,-98.0000,christian,TRUE,americas,329466283,US
2020-03-14,3170,57,14,,196,US,USA,United States,coastline,39.0000,-98.0000,christian,TRUE,americas,329466283,US
2020-03-15,2898,60,10,,196,US,USA,United States,coastline,39.0000,-98.0000,christian,TRUE,americas,329466283,US
2020-03-16,4847,85,17,,196,US,USA,United States,coastline,39.0000,-98.0000,christian,TRUE,americas,329466283,US
2020-03-17,6585,112,17,,196,US,USA,United States,coastline,39.0000,-98.0000,christian,TRUE,americas,329466283,US
2020-03-18,7460,115,106,,196,US,USA,United States,coastline,39.0000,-98.0000,christian,TRUE,americas,329466283,US
2020-03-19,13648,199,108,,196,US,USA,United States,coastline,39.0000,-98.0000,christian,TRUE,americas,329466283,US
2020-03-20,19215,247,147,,196,US,USA,United States,coastline,39.0000,-98.0000,christian,TRUE,americas,329466283,US
2020-03-21,25356,304,171,,196,US,USA,United States,coastline,39.0000,-98.0000,christian,TRUE,americas,329466283,US
2020-03-22,33918,435,,,196,US,USA,United States,coastline,39.0000,-98.0000,christian,TRUE,americas,329466283,US
2020-03-23,43754,577,,,196,US,USA,United States,coastline,39.0000,-98.0000,christian,TRUE,americas,329466283,US
2020-03-24,53876,717,348,,196,US,USA,United States,coastline,39.0000,-98.0000,christian,TRUE,americas,329466283,US
2020-03-25,65961,956,361,,196,US,USA,United States,coastline,39.0000,-98.0000,christian,TRUE,americas,329466283,US
2020-03-26,83973,1225,681,,196,US,USA,United States,coastline,39.0000,-98.0000,christian,TRUE,americas,329466283,US
2020-03-27,101867,1603,869,,196,US,USA,United States,coastline,39.0000,-98.0000,christian,TRUE,americas,329466283,US
2020-03-28,121692,2047,1072,,196,US,USA,United States,coastline,39.0000,-98.0000,christian,TRUE,americas,329466283,US
2020-03-29,141098,2504,2665,,196,US,USA,United States,coastline,39.0000,-98.0000,christian,TRUE,americas,329466283,US
2020-03-30,162133,3019,5644,,196,US,USA,United States,coastline,39.0000,-98.0000,christian,TRUE,americas,329466283,US
2020-03-31,188417,3896,7024,,196,US,USA,United States,coastline,39.0000,-98.0000,christian,TRUE,americas,329466283,US
2020-04-01,213607,4870,8474,,196,US,USA,United States,coastline,39.0000,-98.0000,christian,TRUE,americas,329466283,US
2020-04-02,243826,6049,9001,,196,US,USA,United States,coastline,39.0000,-98.0000,christian,TRUE,americas,329466283,US
2020-04-03,275936,7242,9707,,196,US,USA,United States,coastline,39.0000,-98.0000,christian,TRUE,americas,329466283,US
2020-04-04,309189,8567,14652,,196,US,USA,United States,coastline,39.0000,-98.0000,christian,TRUE,americas,329466283,US
2020-04-05,337432,9796,17448,,196,US,USA,United States,coastline,39.0000,-98.0000,christian,TRUE,americas,329466283,US
2020-04-06,367068,11079,19581,,196,US,USA,United States,coastline,39.0000,-98.0000,christian,TRUE,americas,329466283,US
2020-04-07,396594,13028,21763,,196,US,USA,United States,coastline,39.0000,-98.0000,christian,TRUE,americas,329466283,US
2020-04-08,429576,14999,23559,,196,US,USA,United States,coastline,39.0000,-98.0000,christian,TRUE,americas,329466283,US
2020-04-09,461913,16749,25410,,196,US,USA,United States,coastline,39.0000,-98.0000,christian,TRUE,americas,329466283,US
2020-04-10,496964,18848,28790,,196,US,USA,United States,coastline,39.0000,-98.0000,christian,TRUE,americas,329466283,US
2020-04-11,526764,20683,31270,,196,US,USA,United States,coastline,39.0000,-98.0000,christian,TRUE,americas,329466283,US
2020-04-12,555613,22303,32988,500306,196,US,USA,United States,coastline,39.0000,-98.0000,christian,TRUE,americas,329466283,US
2020-04-13,580876,23880,43482,615609,196,US,USA,United States,coastline,39.0000,-98.0000,christian,TRUE,americas,329466283,US
2020-04-14,607926,26166,47763,534076,196,US,USA,United States,coastline,39.0000,-98.0000,christian,TRUE,americas,329466283,US
2020-04-15,636817,28658,52096,555929,196,US,USA,United States,coastline,39.0000,-98.0000,christian,TRUE,americas,329466283,US
2020-04-16,668131,33219,54703,580182,196,US,USA,United States,coastline,39.0000,-98.0000,christian,TRUE,americas,329466283,US
2020-04-17,700179,37094,58545,604388,196,US,USA,United States,coastline,39.0000,-98.0000,christian,TRUE,americas,329466283,US
2020-04-18,732660,38924,64840,628693,196,US,USA,United States,coastline,39.0000,-98.0000,christian,TRUE,americas,329466283,US
2020-04-19,759492,40959,70337,648088,196,US,USA,United States,coastline,39.0000,-98.0000,christian,TRUE,americas,329466283,US
2020-04-20,784829,42454,72329,669903,196,US,USA,United States,coastline,39.0000,-98.0000,christian,TRUE,americas,329466283,US
2020-04-21,812572,44775,75204,692217,196,US,USA,United States,coastline,39.0000,-98.0000,christian,TRUE,americas,329466283,US
2020-04-22,958666,51549,77366,829252,196,US,USA,United States,coastline,39.0000,-98.0000,christian,TRUE,americas,329466283,US
2020-04-23,133870,5512,,128394,196,US,USA,United States,coastline,39.0000,-98.0000,christian,TRUE,americas,329466283,US
2020-04-24,879505,50601,80203,748353,196,US,USA,United States,coastline,39.0000,-98.0000,christian,TRUE,americas,329466283,US
2020-04-25,915068,52550,99079,763078,196,US,USA,United States,coastline,39.0000,-98.0000,christian,TRUE,americas,329466283,US
2020-04-26,943696,54331,100372,788424,196,US,USA,United States,coastline,39.0000,-98.0000,christian,TRUE,americas,329466283,US
2020-04-27,836701,50254,106988,679266,196,US,USA,United States,coastline,39.0000,-98.0000,christian,TRUE,americas,329466283,US
2020-04-28,843710,50691,111424,681131,196,US,USA,United States,coastline,39.0000,-98.0000,christian,TRUE,americas,329466283,US
2020-04-29,1013417,58735,115936,838291,196,US,USA,United States,coastline,39.0000,-98.0000,christian,TRUE,americas,329466283,US
2020-04-30,1040925,61239,120720,858222,196,US,USA,United States,coastline,39.0000,-98.0000,christian,TRUE,americas,329466283,US
2020-05-01,1070403,62992,153947,878169,196,US,USA,United States,coastline,39.0000,-98.0000,christian,TRUE,americas,329466283,US
2020-05-02,1104625,64954,164015,903178,196,US,USA,United States,coastline,39.0000,-98.0000,christian,TRUE,americas,329466283,US
2020-05-03,1133512,66408,175382,917894,196,US,USA,United States,coastline,39.0000,-98.0000,christian,TRUE,americas,329466283,US
2020-05-04,1158771,67784,180152,939851,196,US,USA,United States,coastline,39.0000,-98.0000,christian,TRUE,americas,329466283,US
2020-05-05,1181206,69064,187180,954281,196,US,USA,United States,coastline,39.0000,-98.0000,christian,TRUE,americas,329466283,US
2020-05-06,1205360,71138,189791,972526,196,US,USA,United States,coastline,39.0000,-98.0000,christian,TRUE,americas,329466283,US
2020-05-07,1229731,73457,189910,987827,196,US,USA,United States,coastline,39.0000,-98.0000,christian,TRUE,americas,329466283,US
2020-05-08,1258108,75684,195036,1011058,196,US,USA,United States,coastline,39.0000,-98.0000,christian,TRUE,americas,329466283,US
2020-05-09,1285119,77211,198993,1027704,196,US,USA,United States,coastline,39.0000,-98.0000,christian,TRUE,americas,329466283,US
2020-05-10,1310999,78708,212534,1033324,196,US,USA,United States,coastline,39.0000,-98.0000,christian,TRUE,americas,329466283,US
2020-05-11,1330612,79510,216169,1043141,196,US,USA,United States,coastline,39.0000,-98.0000,christian,TRUE,americas,329466283,US
2020-05-12,1348935,80701,232733,1051488,196,US,USA,United States,coastline,39.0000,-98.0000,christian,TRUE,americas,329466283,US
2020-05-13,1371191,82370,230287,1057473,196,US,USA,United States,coastline,39.0000,-98.0000,christian,TRUE,americas,329466283,US
2020-05-14,1391914,84081,243430,1067859,196,US,USA,United States,coastline,39.0000,-98.0000,christian,TRUE,americas,329466283,US
2020-05-15,1418927,85867,246414,1085191,196,US,USA,United States,coastline,39.0000,-98.0000,christian,TRUE,americas,329466283,US
2020-05-16,1444044,87494,250747,1102212,196,US,USA,United States,coastline,39.0000,-98.0000,christian,TRUE,americas,329466283,US
2020-05-17,1469103,88636,268376,1111939,196,US,USA,United States,coastline,39.0000,-98.0000,christian,TRUE,americas,329466283,US
2020-05-18,1488174,89496,272265,1122366,196,US,USA,United States,coastline,39.0000,-98.0000,christian,TRUE,americas,329466283,US
2020-05-19,1509868,90335,283178,1135016,196,US,USA,United States,coastline,39.0000,-98.0000,christian,TRUE,americas,329466283,US
2020-05-20,1530274,91814,289392,1144851,196,US,USA,United States,coastline,39.0000,-98.0000,christian,TRUE,americas,329466283,US
2020-05-21,1553354,93313,294312,1162407,196,US,USA,United States,coastline,39.0000,-98.0000,christian,TRUE,americas,329466283,US
2020-05-22,1578825,94538,298418,1180548,196,US,USA,United States,coastline,39.0000,-98.0000,christian,TRUE,americas,329466283,US
2020-05-23,1602738,95789,350135,1195014,196,US,USA,United States,coastline,39.0000,-98.0000,christian,TRUE,americas,329466283,US
2020-05-24,1624090,96802,361239,1197128,196,US,USA,United States,coastline,39.0000,-98.0000,christian,TRUE,americas,329466283,US
2020-05-25,1644547,97445,366736,1210704,196,US,USA,United States,coastline,39.0000,-98.0000,christian,TRUE,americas,329466283,US
2020-05-26,1663576,97979,379157,1218472,196,US,USA,United States,coastline,39.0000,-98.0000,christian,TRUE,americas,329466283,US
2020-05-27,1682485,98674,384902,1228728,196,US,USA,United States,coastline,39.0000,-98.0000,christian,TRUE,americas,329466283,US
2020-05-28,1700958,100134,391508,1234641,196,US,USA,United States,coastline,39.0000,-98.0000,christian,TRUE,americas,329466283,US
2020-05-29,1723590,101256,399991,1249340,196,US,USA,United States,coastline,39.0000,-98.0000,christian,TRUE,americas,329466283,US
2020-05-30,1748013,102427,406446,1267758,196,US,USA,United States,coastline,39.0000,-98.0000,christian,TRUE,americas,329466283,US
2020-05-31,1772235,103345,416461,1284150,196,US,USA,United States,coastline,39.0000,-98.0000,christian,TRUE,americas,329466283,US
2020-06-01,1791796,103824,444758,1295795,196,US,USA,United States,coastline,39.0000,-98.0000,christian,TRUE,americas,329466283,US
2020-06-02,1812611,104589,458231,1302082,196,US,USA,United States,coastline,39.0000,-98.0000,christian,TRUE,americas,329466283,US
2020-06-03,1833862,105540,463868,1313401,196,US,USA,United States,coastline,39.0000,-98.0000,christian,TRUE,americas,329466283,US
2020-06-04,1853764,106542,479258,1321425,196,US,USA,United States,coastline,39.0000,-98.0000,christian,TRUE,americas,329466283,US
2020-06-05,1875126,107570,485002,1334501,196,US,USA,United States,coastline,39.0000,-98.0000,christian,TRUE,americas,329466283,US
2020-06-06,1905385,108705,491706,1348583,196,US,USA,United States,coastline,39.0000,-98.0000,christian,TRUE,americas,329466283,US
2020-06-07,1928158,109362,500849,1367012,196,US,USA,United States,coastline,39.0000,-98.0000,christian,TRUE,americas,329466283,US
2020-06-08,1946392,109821,506367,1310502,196,US,USA,United States,coastline,39.0000,-98.0000,christian,TRUE,americas,329466283,US
2020-06-09,1964104,110288,518522,1328272,196,US,USA,United States,coastline,39.0000,-98.0000,christian,TRUE,americas,329466283,US
2020-06-10,1982351,111238,524860,1288265,196,US,USA,United States,coastline,39.0000,-98.0000,christian,TRUE,americas,329466283,US
2020-06-11,2003952,112143,533504,1303721,196,US,USA,United States,coastline,39.0000,-98.0000,christian,TRUE,americas,329466283,US
2020-06-12,2026709,113004,540292,1310986,196,US,USA,United States,coastline,39.0000,-98.0000,christian,TRUE,americas,329466283,US
2020-06-13,2052481,113853,547386,1312426,196,US,USA,United States,coastline,39.0000,-98.0000,christian,TRUE,americas,329466283,US
2020-06-14,2078257,114580,556606,1332813,196,US,USA,United States,coastline,39.0000,-98.0000,christian,TRUE,americas,329466283,US
2020-06-15,2097471,114905,561816,1347993,196,US,USA,United States,coastline,39.0000,-98.0000,christian,TRUE,americas,329466283,US
2020-06-16,2117359,115295,576334,1348589,196,US,USA,United States,coastline,39.0000,-98.0000,christian,TRUE,americas,329466283,US
2020-06-17,2141118,116110,583503,1365229,196,US,USA,United States,coastline,39.0000,-98.0000,christian,TRUE,americas,329466283,US
2020-06-18,2168033,116860,592191,1382229,196,US,USA,United States,coastline,39.0000,-98.0000,christian,TRUE,americas,329466283,US
2020-06-19,2196146,117555,599115,1398671,196,US,USA,United States,coastline,39.0000,-98.0000,christian,TRUE,americas,329466283,US
2020-06-20,2228196,118209,606715,1424197,196,US,USA,United States,coastline,39.0000,-98.0000,christian,TRUE,americas,329466283,US
2020-06-21,2260774,118747,617460,1443988,196,US,USA,United States,coastline,39.0000,-98.0000,christian,TRUE,americas,329466283,US
2020-06-22,2286042,119026,622133,1464775,196,US,USA,United States,coastline,39.0000,-98.0000,christian,TRUE,americas,329466283,US
2020-06-23,2318657,119467,640198,1483742,196,US,USA,United States,coastline,39.0000,-98.0000,christian,TRUE,americas,329466283,US
2020-06-24,2354866,120196,647548,1510931,196,US,USA,United States,coastline,39.0000,-98.0000,christian,TRUE,americas,329466283,US
2020-06-25,2390968,120938,656161,1537768,196,US,USA,United States,coastline,39.0000,-98.0000,christian,TRUE,americas,329466283,US
2020-06-26,2431527,123352,663562,1558389,196,US,USA,United States,coastline,39.0000,-98.0000,christian,TRUE,americas,329466283,US
2020-06-27,2477469,123987,670809,1590790,196,US,USA,United States,coastline,39.0000,-98.0000,christian,TRUE,americas,329466283,US
2020-06-28,2519148,124475,679308,1627152,196,US,USA,United States,coastline,39.0000,-98.0000,christian,TRUE,americas,329466283,US
2020-06-29,2774985,147250,685164,1851570,196,US,USA,United States,coastline,39.0000,-98.0000,christian,TRUE,americas,329466283,US
2020-06-30,2386689,102650,705203,1478352,196,US,USA,United States,coastline,39.0000,-98.0000,christian,TRUE,americas,329466283,US
2020-07-01,2646832,126278,720631,1705198,196,US,USA,United States,coastline,39.0000,-98.0000,christian,TRUE,americas,329466283,US
2020-07-02,2698282,126932,729994,1740624,196,US,USA,United States,coastline,39.0000,-98.0000,christian,TRUE,americas,329466283,US
2020-07-03,2753919,127631,781970,1781186,196,US,USA,United States,coastline,39.0000,-98.0000,christian,TRUE,americas,329466283,US
2020-07-04,2806110,128305,790404,1825966,196,US,USA,United States,coastline,39.0000,-98.0000,christian,TRUE,americas,329466283,US
2020-07-05,2853118,128587,894325,1863401,196,US,USA,United States,coastline,39.0000,-98.0000,christian,TRUE,americas,329466283,US
2020-07-06,2901137,129019,906763,1901792,196,US,USA,United States,coastline,39.0000,-98.0000,christian,TRUE,americas,329466283,US
2020-07-07,2947160,129116,924148,1930671,196,US,USA,United States,coastline,39.0000,-98.0000,christian,TRUE,americas,329466283,US
2020-07-08,3008714,130390,936476,1971678,196,US,USA,United States,coastline,39.0000,-98.0000,christian,TRUE,americas,329466283,US
2020-07-09,3068315,131185,953420,2012746,196,US,USA,United States,coastline,39.0000,-98.0000,christian,TRUE,americas,329466283,US
2020-07-10,3130740,132184,969111,2058818,196,US,USA,United States,coastline,39.0000,-98.0000,christian,TRUE,americas,329466283,US
2020-07-11,3198860,132978,983185,2113770,196,US,USA,United States,coastline,39.0000,-98.0000,christian,TRUE,americas,329466283,US
2020-07-12,3258897,133689,995576,2160924,196,US,USA,United States,coastline,39.0000,-98.0000,christian,TRUE,americas,329466283,US
2020-07-13,3317536,134128,1006326,2208771,196,US,USA,United States,coastline,39.0000,-98.0000,christian,TRUE,americas,329466283,US
2020-07-14,3376214,134557,1031939,2254383,196,US,USA,United States,coastline,39.0000,-98.0000,christian,TRUE,americas,329466283,US
2020-07-15,3444748,135465,1049098,2290819,196,US,USA,United States,coastline,39.0000,-98.0000,christian,TRUE,americas,329466283,US
2020-07-16,3512815,136413,1075882,2328898,196,US,USA,United States,coastline,39.0000,-98.0000,christian,TRUE,americas,329466283,US
2020-07-17,3588523,137368,1090645,2391976,196,US,USA,United States,coastline,39.0000,-98.0000,christian,TRUE,americas,329466283,US
2020-07-18,3660649,138266,1107204,2441843,196,US,USA,United States,coastline,39.0000,-98.0000,christian,TRUE,americas,329466283,US
2020-07-19,3724190,139122,1122720,2491914,196,US,USA,United States,coastline,39.0000,-98.0000,christian,TRUE,americas,329466283,US
2020-07-20,3785366,139549,1131121,2543991,196,US,USA,United States,coastline,39.0000,-98.0000,christian,TRUE,americas,329466283,US
2020-07-21,3850734,140001,1160087,2588421,196,US,USA,United States,coastline,39.0000,-98.0000,christian,TRUE,americas,329466283,US
2020-07-22,3910904,141037,1182018,2627340,196,US,USA,United States,coastline,39.0000,-98.0000,christian,TRUE,americas,329466283,US
2020-07-23,3981198,142235,1210849,2652367,196,US,USA,United States,coastline,39.0000,-98.0000,christian,TRUE,americas,329466283,US
2020-07-24,4062705,143451,1233269,2709234,196,US,USA,United States,coastline,39.0000,-98.0000,christian,TRUE,americas,329466283,US
2020-07-25,4120962,144528,1261624,2734314,196,US,USA,United States,coastline,39.0000,-98.0000,christian,TRUE,americas,329466283,US
2020-07-26,4186165,145470,1279414,2781471,196,US,USA,United States,coastline,39.0000,-98.0000,christian,TRUE,americas,329466283,US
2020-07-27,4242515,146005,1297863,2818818,196,US,USA,United States,coastline,39.0000,-98.0000,christian,TRUE,americas,329466283,US
2020-07-28,4298948,147120,1325804,2863024,196,US,USA,United States,coastline,39.0000,-98.0000,christian,TRUE,americas,329466283,US
2020-07-29,4365837,148394,1355363,2075998,196,US,USA,United States,coastline,39.0000,-98.0000,christian,TRUE,americas,329466283,US
2020-07-30,4440057,149810,1389425,2102870,196,US,USA,United States,coastline,39.0000,-98.0000,christian,TRUE,americas,329466283,US
2020-07-31,4507996,151165,1414155,2137687,196,US,USA,United States,coastline,39.0000,-98.0000,christian,TRUE,americas,329466283,US
2020-08-01,4576674,152383,1438160,2164078,196,US,USA,United States,coastline,39.0000,-98.0000,christian,TRUE,americas,329466283,US
2020-08-02,4633898,153501,1461885,2203795,196,US,USA,United States,coastline,39.0000,-98.0000,christian,TRUE,americas,329466283,US
2020-08-03,4679849,153939,1468689,2239708,196,US,USA,United States,coastline,39.0000,-98.0000,christian,TRUE,americas,329466283,US
2020-08-04,4758715,155166,1513446,2293279,196,US,USA,United States,coastline,39.0000,-98.0000,christian,TRUE,americas,329466283,US
2020-08-05,4785382,157323,1528979,2271656,196,US,USA,United States,coastline,39.0000,-98.0000,christian,TRUE,americas,329466283,US
2020-08-06,4839199,157060,1577851,2287414,196,US,USA,United States,coastline,39.0000,-98.0000,christian,TRUE,americas,329466283,US
2020-08-07,4898702,158900,1598624,2318693,196,US,USA,United States,coastline,39.0000,-98.0000,christian,TRUE,americas,329466283,US
2020-08-08,4958305,160139,1623870,2353298,196,US,USA,United States,coastline,39.0000,-98.0000,christian,TRUE,americas,329466283,US
2020-08-09,5013300,161201,1643118,2391414,196,US,USA,United States,coastline,39.0000,-98.0000,christian,TRUE,americas,329466283,US
2020-08-10,5060331,161762,1656864,2423857,196,US,USA,United States,coastline,39.0000,-98.0000,christian,TRUE,americas,329466283,US
2020-08-11,5107612,162341,1670755,2453327,196,US,USA,United States,coastline,39.0000,-98.0000,christian,TRUE,americas,329466283,US
2020-08-12,5155927,163597,1714960,3261573,196,US,USA,United States,coastline,39.0000,-98.0000,christian,TRUE,americas,329466283,US
2020-08-13,5211517,165098,1753760,3277422,196,US,USA,United States,coastline,39.0000,-98.0000,christian,TRUE,americas,329466283,US
2020-08-14,5262741,166168,1774648,3307052,196,US,USA,United States,coastline,39.0000,-98.0000,christian,TRUE,americas,329466283,US
2020-08-15,5328087,167509,1796326,3348334,196,US,USA,United States,coastline,39.0000,-98.0000,christian,TRUE,americas,329466283,US
2020-08-16,5375761,168512,1818527,3373010,196,US,USA,United States,coastline,39.0000,-98.0000,christian,TRUE,americas,329466283,US
2020-08-17,5415716,169117,1833067,3399947,196,US,USA,United States,coastline,39.0000,-98.0000,christian,TRUE,americas,329466283,US
2020-08-18,5451781,169603,1865580,3402100,196,US,USA,United States,coastline,39.0000,-98.0000,christian,TRUE,americas,329466283,US
2020-08-19,5496937,170871,1898159,3413286,196,US,USA,United States,coastline,39.0000,-98.0000,christian,TRUE,americas,329466283,US
2020-08-20,5543646,172190,1925049,3431437,196,US,USA,United States,coastline,39.0000,-98.0000,christian,TRUE,americas,329466283,US
2020-08-21,5587431,173282,1947035,3452404,196,US,USA,United States,coastline,39.0000,-98.0000,christian,TRUE,americas,329466283,US
2020-08-22,5636885,174369,1965056,3481964,196,US,USA,United States,coastline,39.0000,-98.0000,christian,TRUE,americas,329466283,US
2020-08-23,5680546,175342,1985484,3505125,196,US,USA,United States,coastline,39.0000,-98.0000,christian,TRUE,americas,329466283,US
2020-08-24,5715099,175833,1997761,3526962,196,US,USA,United States,coastline,39.0000,-98.0000,christian,TRUE,americas,329466283,US
2020-08-25,5752153,176308,2020774,3541472,196,US,USA,United States,coastline,39.0000,-98.0000,christian,TRUE,americas,329466283,US
2020-08-26,5792181,177536,2053699,3545295,196,US,USA,United States,coastline,39.0000,-98.0000,christian,TRUE,americas,329466283,US
2020-08-27,5835945,178713,2084465,3557487,196,US,USA,United States,coastline,39.0000,-98.0000,christian,TRUE,americas,329466283,US
2020-08-28,5881433,179825,2101326,3585485,196,US,USA,United States,coastline,39.0000,-98.0000,christian,TRUE,americas,329466283,US
2020-08-29,5928690,180783,2118367,3613614,196,US,USA,United States,coastline,39.0000,-98.0000,christian,TRUE,americas,329466283,US
2020-08-30,5972754,181684,2140614,3637907,196,US,USA,United States,coastline,39.0000,-98.0000,christian,TRUE,americas,329466283,US
2020-08-31,6007172,182138,2153939,3659176,196,US,USA,United States,coastline,39.0000,-98.0000,christian,TRUE,americas,329466283,US
2020-09-01,6044801,182611,2184825,3662018,196,US,USA,United States,coastline,39.0000,-98.0000,christian,TRUE,americas,329466283,US
2020-09-02,6087366,183655,2202663,3686374,196,US,USA,United States,coastline,39.0000,-98.0000,christian,TRUE,americas,329466283,US
2020-09-03,6127475,184720,2231757,3687833,196,US,USA,United States,coastline,39.0000,-98.0000,christian,TRUE,americas,329466283,US
2020-09-04,6164335,185750,2266957,3696117,196,US,USA,United States,coastline,39.0000,-98.0000,christian,TRUE,americas,329466283,US
2020-09-05,6215195,186698,2283454,3729160,196,US,USA,United States,coastline,39.0000,-98.0000,christian,TRUE,americas,329466283,US
2020-09-06,6258709,187492,2302187,3754095,196,US,USA,United States,coastline,39.0000,-98.0000,christian,TRUE,americas,329466283,US
2020-09-07,6290285,187930,2315995,3771263,196,US,USA,United States,coastline,39.0000,-98.0000,christian,TRUE,americas,329466283,US
2020-09-08,6314411,188218,2333551,3777715,196,US,USA,United States,coastline,39.0000,-98.0000,christian,TRUE,americas,329466283,US
2020-09-09,6341565,188667,2359111,3778101,196,US,USA,United States,coastline,39.0000,-98.0000,christian,TRUE,americas,329466283,US
2020-09-10,6376131,189840,2387479,3780985,196,US,USA,United States,coastline,39.0000,-98.0000,christian,TRUE,americas,329466283,US
2020-09-11,6411549,190737,2403511,3800676,196,US,USA,United States,coastline,39.0000,-98.0000,christian,TRUE,americas,329466283,US
2020-09-12,6458997,191904,2417878,3832730,196,US,USA,United States,coastline,39.0000,-98.0000,christian,TRUE,americas,329466283,US
2020-09-13,6500740,192632,2434658,3856616,196,US,USA,United States,coastline,39.0000,-98.0000,christian,TRUE,americas,329466283,US
2020-09-14,6534888,193052,2451406,3873948,196,US,USA,United States,coastline,39.0000,-98.0000,christian,TRUE,americas,329466283,US
2020-09-15,6569607,193486,2474570,3889137,196,US,USA,United States,coastline,39.0000,-98.0000,christian,TRUE,americas,329466283,US
2020-09-16,6609094,194691,2495127,3901281,196,US,USA,United States,coastline,39.0000,-98.0000,christian,TRUE,americas,329466283,US
2020-09-17,6647445,195640,2525573,3908122,196,US,USA,United States,coastline,39.0000,-98.0000,christian,TRUE,americas,329466283,US
2020-09-18,6692868,196503,2540334,3937221,196,US,USA,United States,coastline,39.0000,-98.0000,christian,TRUE,americas,329466283,US
2020-09-19,6742299,197414,2556465,3968631,196,US,USA,United States,coastline,39.0000,-98.0000,christian,TRUE,americas,329466283,US
2020-09-20,6785193,198130,2577446,3991222,196,US,USA,United States,coastline,39.0000,-98.0000,christian,TRUE,americas,329466283,US
2020-09-21,6824646,198388,2590671,4014416,196,US,USA,United States,coastline,39.0000,-98.0000,christian,TRUE,americas,329466283,US
2020-09-22,6876686,198814,2615949,4040920,196,US,USA,United States,coastline,39.0000,-98.0000,christian,TRUE,americas,329466283,US
2020-09-23,6916921,199846,2646959,4048454,196,US,USA,United States,coastline,39.0000,-98.0000,christian,TRUE,americas,329466283,US
2020-09-24,6954720,200866,2670256,4060871,196,US,USA,United States,coastline,39.0000,-98.0000,christian,TRUE,americas,329466283,US
2020-09-25,7002251,201768,2710183,3918345,196,US,USA,United States,coastline,39.0000,-98.0000,christian,TRUE,americas,329466283,US
2020-09-26,7055313,202696,2727335,4101907,196,US,USA,United States,coastline,39.0000,-98.0000,christian,TRUE,americas,329466283,US
2020-09-27,7100673,203468,2750459,4122991,196,US,USA,United States,coastline,39.0000,-98.0000,christian,TRUE,americas,329466283,US
2020-09-28,7139074,203771,2766280,4143823,196,US,USA,United States,coastline,39.0000,-98.0000,christian,TRUE,americas,329466283,US
2020-09-29,7172511,204122,2794608,4148131,196,US,USA,United States,coastline,39.0000,-98.0000,christian,TRUE,americas,329466283,US
2020-09-30,7216620,204988,2813305,4170738,196,US,USA,United States,coastline,39.0000,-98.0000,christian,TRUE,americas,329466283,US
2020-10-01,7257342,205939,2840688,4185274,196,US,USA,United States,coastline,39.0000,-98.0000,christian,TRUE,americas,329466283,US
2020-10-02,7303116,206813,2860650,4209203,196,US,USA,United States,coastline,39.0000,-98.0000,christian,TRUE,americas,329466283,US
2020-10-03,7358306,207654,2873369,4250083,196,US,USA,United States,coastline,39.0000,-98.0000,christian,TRUE,americas,329466283,US
2020-10-04,7407233,208344,2897322,4275395,196,US,USA,United States,coastline,39.0000,-98.0000,christian,TRUE,americas,329466283,US
2020-10-05,7443115,208722,2911699,4296277,196,US,USA,United States,coastline,39.0000,-98.0000,christian,TRUE,americas,329466283,US
2020-10-06,7482857,209180,2935142,4311732,196,US,USA,United States,coastline,39.0000,-98.0000,christian,TRUE,americas,329466283,US
2020-10-07,7528239,209874,2952390,4335917,196,US,USA,United States,coastline,39.0000,-98.0000,christian,TRUE,americas,329466283,US
2020-10-08,7578229,210786,2999895,4337839,196,US,USA,United States,coastline,39.0000,-98.0000,christian,TRUE,americas,329466283,US
2020-10-09,7636983,211771,3021252,4371712,196,US,USA,United States,coastline,39.0000,-98.0000,christian,TRUE,americas,329466283,US
2020-10-10,7693604,212730,3039089,4410304,196,US,USA,United States,coastline,39.0000,-98.0000,christian,TRUE,americas,329466283,US
2020-10-11,7748819,213378,3062983,4440432,196,US,USA,United States,coastline,39.0000,-98.0000,christian,TRUE,americas,329466283,US
2020-10-12,7794815,213825,3075077,4472554,196,US,USA,United States,coastline,39.0000,-98.0000,christian,TRUE,americas,329466283,US
2020-10-13,7837018,215326,3106728,4482149,196,US,USA,United States,coastline,39.0000,-98.0000,christian,TRUE,americas,329466283,US
2020-10-14,7889416,216128,3124593,4515880,196,US,USA,United States,coastline,39.0000,-98.0000,christian,TRUE,americas,329466283,US
2020-10-15,7949093,217115,3155794,4543285,196,US,USA,United States,coastline,39.0000,-98.0000,christian,TRUE,americas,329466283,US
2020-10-16,8014187,217962,3177397,4584472,196,US,USA,United States,coastline,39.0000,-98.0000,christian,TRUE,americas,329466283,US
2020-10-17,8083458,218879,3197539,4632493,196,US,USA,United States,coastline,39.0000,-98.0000,christian,TRUE,americas,329466283,US
2020-10-18,8140289,219618,3220573,4666290,196,US,USA,United States,coastline,39.0000,-98.0000,christian,TRUE,americas,329466283,US
2020-10-19,8189871,220070,3234138,4700634,196,US,USA,United States,coastline,39.0000,-98.0000,christian,TRUE,americas,329466283,US
2020-10-20,8257874,220534,3272603,4720111,196,US,USA,United States,coastline,39.0000,-98.0000,christian,TRUE,americas,329466283,US
2020-10-21,8320062,221459,3295148,4756948,196,US,USA,United States,coastline,39.0000,-98.0000,christian,TRUE,americas,329466283,US
2020-10-22,8382716,222618,3323354,4790353,196,US,USA,United States,coastline,39.0000,-98.0000,christian,TRUE,americas,329466283,US
2020-10-23,8459174,223488,3353056,4831466,196,US,USA,United States,coastline,39.0000,-98.0000,christian,TRUE,americas,329466283,US
2020-10-24,8541865,224444,3375427,4891887,196,US,USA,United States,coastline,39.0000,-98.0000,christian,TRUE,americas,329466283,US
2020-10-25,8624854,225378,3406656,4943483,196,US,USA,United States,coastline,39.0000,-98.0000,christian,TRUE,americas,329466283,US
2020-10-26,8687523,225803,3422878,4987581,196,US,USA,United States,coastline,39.0000,-98.0000,christian,TRUE,americas,329466283,US
2020-10-27,8755117,226312,3460455,5016441,196,US,USA,United States,coastline,39.0000,-98.0000,christian,TRUE,americas,329466283,US
2020-10-28,8833070,227300,3487666,4977112,196,US,USA,United States,coastline,39.0000,-98.0000,christian,TRUE,americas,329466283,US
2020-10-29,8911864,228332,3518140,5110440,196,US,USA,United States,coastline,39.0000,-98.0000,christian,TRUE,americas,329466283,US
2020-10-30,9003418,229341,3554336,5161772,196,US,USA,United States,coastline,39.0000,-98.0000,christian,TRUE,americas,329466283,US
2020-10-31,9102911,230389,3578452,5235746,196,US,USA,United States,coastline,39.0000,-98.0000,christian,TRUE,americas,329466283,US
2020-11-01,9192785,231316,3612478,5290139,196,US,USA,United States,coastline,39.0000,-98.0000,christian,TRUE,americas,329466283,US
2020-11-02,9297839,231802,3630579,5345231,196,US,USA,United States,coastline,39.0000,-98.0000,christian,TRUE,americas,329466283,US
2020-11-03,9383792,232338,3674981,5384383,196,US,USA,United States,coastline,39.0000,-98.0000,christian,TRUE,americas,329466283,US
2020-11-04,9511333,233931,3705130,5444718,196,US,USA,United States,coastline,39.0000,-98.0000,christian,TRUE,americas,329466283,US
2020-11-05,9615319,235081,3743527,5508055,196,US,USA,United States,coastline,39.0000,-98.0000,christian,TRUE,americas,329466283,US
2020-11-06,9744775,236243,3781751,5590509,196,US,USA,United States,coastline,39.0000,-98.0000,christian,TRUE,americas,329466283,US
2020-11-07,9873056,237500,3810791,5686631,196,US,USA,United States,coastline,39.0000,-98.0000,christian,TRUE,americas,329466283,US
2020-11-08,10000794,238602,3851465,5741206,196,US,USA,United States,coastline,39.0000,-98.0000,christian,TRUE,americas,329466283,US
2020-11-09,10116034,239162,3881491,5817163,196,US,USA,United States,coastline,39.0000,-98.0000,christian,TRUE,americas,329466283,US
2020-11-10,10202960,239825,3928845,5942948,196,US,USA,United States,coastline,39.0000,-98.0000,christian,TRUE,americas,329466283,US
2020-11-11,10348290,241512,3961873,6053832,196,US,USA,United States,coastline,39.0000,-98.0000,christian,TRUE,americas,329466283,US
2020-11-12,10494916,242889,3997175,6161562,196,US,USA,United States,coastline,39.0000,-98.0000,christian,TRUE,americas,329466283,US
2020-11-13,10659749,244256,4051256,6265990,196,US,USA,United States,coastline,39.0000,-98.0000,christian,TRUE,americas,329466283,US
2020-11-14,10840138,245456,4095146,6397708,196,US,USA,United States,coastline,39.0000,-98.0000,christian,TRUE,americas,329466283,US
2020-11-15,11007903,246802,4148444,6509699,196,US,USA,United States,coastline,39.0000,-98.0000,christian,TRUE,americas,329466283,US
2020-11-16,11144124,247576,4174884,6618209,196,US,USA,United States,coastline,39.0000,-98.0000,christian,TRUE,americas,329466283,US
2020-11-17,11307066,248405,4244811,6703463,196,US,USA,United States,coastline,39.0000,-98.0000,christian,TRUE,americas,329466283,US
2020-11-18,11470988,250124,4293640,6814861,196,US,USA,United States,coastline,39.0000,-98.0000,christian,TRUE,americas,329466283,US
2020-11-19,11644166,252060,4350789,6926025,196,US,USA,United States,coastline,39.0000,-98.0000,christian,TRUE,americas,329466283,US
2020-11-20,11835709,254099,4410709,7051923,196,US,USA,United States,coastline,39.0000,-98.0000,christian,TRUE,americas,329466283,US
2020-11-21,12034008,256047,4457930,7198366,196,US,USA,United States,coastline,39.0000,-98.0000,christian,TRUE,americas,329466283,US
2020-11-22,12213281,257662,4529700,7302700,196,US,USA,United States,coastline,39.0000,-98.0000,christian,TRUE,americas,329466283,US
2020-11-23,12360059,258694,4526513,7463405,196,US,USA,United States,coastline,39.0000,-98.0000,christian,TRUE,americas,329466283,US
2020-11-24,12534509,259790,4633600,7524619,196,US,USA,United States,coastline,39.0000,-98.0000,christian,TRUE,americas,329466283,US
2020-11-25,12710026,261919,4696664,7634410,196,US,USA,United States,coastline,39.0000,-98.0000,christian,TRUE,americas,329466283,US
2020-11-26,12893313,264178,4835956,7674326,196,US,USA,United States,coastline,39.0000,-98.0000,christian,TRUE,americas,329466283,US
2020-11-27,13005636,265564,4871203,7748458,196,US,USA,United States,coastline,39.0000,-98.0000,christian,TRUE,americas,329466283,US
2020-11-28,13213823,267113,4947446,7876368,196,US,USA,United States,coastline,39.0000,-98.0000,christian,TRUE,americas,329466283,US
2020-11-29,13369353,268471,5023063,7955158,196,US,USA,United States,coastline,39.0000,-98.0000,christian,TRUE,americas,329466283,US
2020-11-30,13509588,269507,5065030,8051268,196,US,USA,United States,coastline,39.0000,-98.0000,christian,TRUE,americas,329466283,US
2020-12-01,13670158,270853,5146319,8126708,196,US,USA,United States,coastline,39.0000,-98.0000,christian,TRUE,americas,329466283,US
2020-12-02,13858375,273398,5226581,8223156,196,US,USA,United States,coastline,39.0000,-98.0000,christian,TRUE,americas,329466283,US
2020-12-03,14060930,276216,5322128,8325651,196,US,USA,United States,coastline,39.0000,-98.0000,christian,TRUE,americas,329466283,US
2020-12-04,14284540,279166,5404018,8458836,196,US,USA,United States,coastline,39.0000,-98.0000,christian,TRUE,americas,329466283,US
2020-12-05,14517325,281844,5470389,8617992,196,US,USA,United States,coastline,39.0000,-98.0000,christian,TRUE,americas,329466283,US
2020-12-06,14732871,284189,5576026,8723976,196,US,USA,United States,coastline,39.0000,-98.0000,christian,TRUE,americas,329466283,US
2020-12-07,14913882,285538,5624444,8850108,196,US,USA,United States,coastline,39.0000,-98.0000,christian,TRUE,americas,329466283,US
2020-12-08,15108743,287150,5714557,8950890,196,US,USA,United States,coastline,39.0000,-98.0000,christian,TRUE,americas,329466283,US
2020-12-09,15333233,289777,5786915,9091848,196,US,USA,United States,coastline,39.0000,-98.0000,christian,TRUE,americas,329466283,US
2020-12-10,15555768,292954,5889896,9207119,196,US,USA,United States,coastline,39.0000,-98.0000,christian,TRUE,americas,329466283,US
2020-12-11,15787284,295945,5985047,9333587,196,US,USA,United States,coastline,39.0000,-98.0000,christian,TRUE,americas,329466283,US
2020-12-12,16027260,299360,6135314,9411132,196,US,USA,United States,coastline,39.0000,-98.0000,christian,TRUE,americas,329466283,US
2020-12-13,16244645,301817,6246605,9517702,196,US,USA,United States,coastline,39.0000,-98.0000,christian,TRUE,americas,329466283,US
2020-12-14,16432449,303443,6298082,9655820,196,US,USA,United States,coastline,39.0000,-98.0000,christian,TRUE,americas,329466283,US
2020-12-15,16626161,305098,6399531,16218748,196,US,USA,United States,coastline,39.0000,-98.0000,christian,TRUE,americas,329466283,US
2020-12-16,16836265,308198,,16411732,196,US,USA,United States,coastline,39.0000,-98.0000,christian,TRUE,americas,329466283,US
2020-12-17,17082909,311916,,16656636,196,US,USA,United States,coastline,39.0000,-98.0000,christian,TRUE,americas,329466283,US
2020-12-18,17322587,315379,,16895208,196,US,USA,United States,coastline,39.0000,-98.0000,christian,TRUE,americas,329466283,US
2020-12-19,17574522,318318,,17143820,196,US,USA,United States,coastline,39.0000,-98.0000,christian,TRUE,americas,329466283,US
2020-12-20,17766416,320969,,17338437,196,US,USA,United States,coastline,39.0000,-98.0000,christian,TRUE,americas,329466283,US
2020-12-21,17977622,322842,,17547471,196,US,USA,United States,coastline,39.0000,-98.0000,christian,TRUE,americas,329466283,US
2020-12-22,18152975,324613,,17714982,196,US,USA,United States,coastline,39.0000,-98.0000,christian,TRUE,americas,329466283,US
2020-12-23,18351042,328005,,17907044,196,US,USA,United States,coastline,39.0000,-98.0000,christian,TRUE,americas,329466283,US
2020-12-24,18580603,331423,,18131806,196,US,USA,United States,coastline,39.0000,-98.0000,christian,TRUE,americas,329466283,US
2020-12-25,18774769,334332,,18320867,196,US,USA,United States,coastline,39.0000,-98.0000,christian,TRUE,americas,329466283,US
2020-12-26,18872384,335731,,18425681,196,US,USA,United States,coastline,39.0000,-98.0000,christian,TRUE,americas,329466283,US
2020-12-27,19098687,337610,,18650292,196,US,USA,United States,coastline,39.0000,-98.0000,christian,TRUE,americas,329466283,US
2020-12-28,19254321,339039,,18799175,196,US,USA,United States,coastline,39.0000,-98.0000,christian,TRUE,americas,329466283,US
2020-12-29,19444974,341166,,18982150,196,US,USA,United States,coastline,39.0000,-98.0000,christian,TRUE,americas,329466283,US
2020-12-30,19626877,344650,,19215665,196,US,USA,United States,coastline,39.0000,-98.0000,christian,TRUE,americas,329466283,US
2020-12-31,19860511,348379,,19395385,196,US,USA,United States,coastline,39.0000,-98.0000,christian,TRUE,americas,329466283,US
2021-01-01,20096076,351824,,19619649,196,US,USA,United States,coastline,39.0000,-98.0000,christian,TRUE,americas,329466283,US
2021-01-02,20249586,353972,,19778204,196,US,USA,United States,coastline,39.0000,-98.0000,christian,TRUE,americas,329466283,US
2021-01-03,20550002,356470,,20073297,196,US,USA,United States,coastline,39.0000,-98.0000,christian,TRUE,americas,329466283,US
2021-01-04,20758743,357907,,20282382,196,US,USA,United States,coastline,39.0000,-98.0000,christian,TRUE,americas,329466283,US
2021-01-05,20943042,360000,,20460956,196,US,USA,United States,coastline,39.0000,-98.0000,christian,TRUE,americas,329466283,US
2021-01-06,21180376,363706,,20688504,196,US,USA,United States,coastline,39.0000,-98.0000,christian,TRUE,americas,329466283,US
2021-01-07,21435765,367625,,20937639,196,US,USA,United States,coastline,39.0000,-98.0000,christian,TRUE,americas,329466283,US
2021-01-08,21713830,371583,,21213819,196,US,USA,United States,coastline,39.0000,-98.0000,christian,TRUE,americas,329466283,US
2021-01-09,22007077,375666,,21491937,196,US,USA,United States,coastline,39.0000,-98.0000,christian,TRUE,americas,329466283,US
2021-01-10,22269734,378988,,21763686,196,US,USA,United States,coastline,39.0000,-98.0000,christian,TRUE,americas,329466283,US
2021-01-11,22483002,380974,,22034370,196,US,USA,United States,coastline,39.0000,-98.0000,christian,TRUE,americas,329466283,US
2021-01-12,22697984,383062,,22241353,196,US,USA,United States,coastline,39.0000,-98.0000,christian,TRUE,americas,329466283,US
2021-01-13,22924938,387527,,22466399,196,US,USA,United States,coastline,39.0000,-98.0000,christian,TRUE,americas,329466283,US
2021-01-14,23155287,391545,,22692050,196,US,USA,United States,coastline,39.0000,-98.0000,christian,TRUE,americas,329466283,US
2021-01-15,23390901,395508,,22923976,196,US,USA,United States,coastline,39.0000,-98.0000,christian,TRUE,americas,329466283,US
2021-01-16,23633649,399390,,23163165,196,US,USA,United States,coastline,39.0000,-98.0000,christian,TRUE,americas,329466283,US
2021-01-17,23835288,402809,,23362571,196,US,USA,United States,coastline,39.0000,-98.0000,christian,TRUE,americas,329466283,US
2021-01-18,24013081,404668,,23538740,196,US,USA,United States,coastline,39.0000,-98.0000,christian,TRUE,americas,329466283,US
2021-01-19,24156472,406169,,23679336,196,US,USA,United States,coastline,39.0000,-98.0000,christian,TRUE,americas,329466283,US
2021-01-20,24333210,408889,,23849259,196,US,USA,United States,coastline,39.0000,-98.0000,christian,TRUE,americas,329466283,US
2021-01-21,24516414,413282,,24032143,196,US,USA,United States,coastline,39.0000,-98.0000,christian,TRUE,americas,329466283,US
2021-01-22,24710164,417453,,24217140,196,US,USA,United States,coastline,39.0000,-98.0000,christian,TRUE,americas,329466283,US
2021-01-23,24900841,421268,,24407273,196,US,USA,United States,coastline,39.0000,-98.0000,christian,TRUE,americas,329466283,US
2021-01-24,25071463,424592,,24576647,196,US,USA,United States,coastline,39.0000,-98.0000,christian,TRUE,americas,329466283,US
2021-01-25,25202494,426475,,24707409,196,US,USA,United States,coastline,39.0000,-98.0000,christian,TRUE,americas,329466283,US
2021-01-26,25354463,428435,,24875497,196,US,USA,United States,coastline,39.0000,-98.0000,christian,TRUE,americas,329466283,US
2021-01-27,25502033,432455,,25018050,196,US,USA,United States,coastline,39.0000,-98.0000,christian,TRUE,americas,329466283,US
2021-01-28,25655272,436391,,25168433,196,US,USA,United States,coastline,39.0000,-98.0000,christian,TRUE,americas,329466283,US
2021-01-29,25824532,440401,,25333053,196,US,USA,United States,coastline,39.0000,-98.0000,christian,TRUE,americas,329466283,US
2021-01-30,25991026,444002,,25495562,196,US,USA,United States,coastline,39.0000,-98.0000,christian,TRUE,americas,329466283,US
2021-01-31,26133348,446760,,25634922,196,US,USA,United States,coastline,39.0000,-98.0000,christian,TRUE,americas,329466283,US
2021-02-01,26245367,448588,,25745024,196,US,USA,United States,coastline,39.0000,-98.0000,christian,TRUE,americas,329466283,US
2021-02-02,26380540,450623,,25877332,196,US,USA,United States,coastline,39.0000,-98.0000,christian,TRUE,americas,329466283,US
2021-02-03,26495873,454079,,25988239,196,US,USA,United States,coastline,39.0000,-98.0000,christian,TRUE,americas,329466283,US
2021-02-04,26617484,457947,,26100804,196,US,USA,United States,coastline,39.0000,-98.0000,christian,TRUE,americas,329466283,US
2021-02-05,26741408,461675,,26223822,196,US,USA,United States,coastline,39.0000,-98.0000,christian,TRUE,americas,329466283,US
2021-02-06,26875770,465285,,26353592,196,US,USA,United States,coastline,39.0000,-98.0000,christian,TRUE,americas,329466283,US
2021-02-07,26979757,467871,,26455185,196,US,USA,United States,coastline,39.0000,-98.0000,christian,TRUE,americas,329466283,US
2021-02-08,27069408,469225,,26543448,196,US,USA,United States,coastline,39.0000,-98.0000,christian,TRUE,americas,329466283,US
2021-02-09,27159759,470817,,26631590,196,US,USA,United States,coastline,39.0000,-98.0000,christian,TRUE,americas,329466283,US
2021-02-10,27255379,473879,,26723819,196,US,USA,United States,coastline,39.0000,-98.0000,christian,TRUE,americas,329466283,US
2021-02-11,27350518,477192,,26815159,196,US,USA,United States,coastline,39.0000,-98.0000,christian,TRUE,americas,329466283,US
2021-02-12,27456215,480360,,26916568,196,US,USA,United States,coastline,39.0000,-98.0000,christian,TRUE,americas,329466283,US
2021-02-13,27555824,483261,,27010703,196,US,USA,United States,coastline,39.0000,-98.0000,christian,TRUE,americas,329466283,US
2021-02-14,27655309,485516,,27100218,196,US,USA,United States,coastline,39.0000,-98.0000,christian,TRUE,americas,329466283,US
2021-02-15,27707505,486545,,27154058,196,US,USA,United States,coastline,39.0000,-98.0000,christian,TRUE,americas,329466283,US
2021-02-16,27761699,487476,,27206952,196,US,USA,United States,coastline,39.0000,-98.0000,christian,TRUE,americas,329466283,US
2021-02-17,27824423,489192,,27267655,196,US,USA,United States,coastline,39.0000,-98.0000,christian,TRUE,americas,329466283,US
2021-02-18,27894527,491576,,27335384,196,US,USA,United States,coastline,39.0000,-98.0000,christian,TRUE,americas,329466283,US
2021-02-19,27964083,494033,,27401940,196,US,USA,United States,coastline,39.0000,-98.0000,christian,TRUE,americas,329466283,US
2021-02-20,28043678,496663,,27509418,196,US,USA,United States,coastline,39.0000,-98.0000,christian,TRUE,americas,329466283,US
2021-02-21,28115192,498445,,27578996,196,US,USA,United States,coastline,39.0000,-98.0000,christian,TRUE,americas,329466283,US
2021-02-22,28172243,499645,,27634330,196,US,USA,United States,coastline,39.0000,-98.0000,christian,TRUE,americas,329466283,US
2021-02-23,28228466,500922,,29876669,196,US,USA,United States,coastline,39.0000,-98.0000,christian,TRUE,americas,329466283,US
2021-02-24,28300721,503176,,27758047,196,US,USA,United States,coastline,39.0000,-98.0000,christian,TRUE,americas,329466283,US
2021-02-25,28375421,506327,,27823749,196,US,USA,United States,coastline,39.0000,-98.0000,christian,TRUE,americas,329466283,US
2021-02-26,28452916,508669,,27904193,196,US,USA,United States,coastline,39.0000,-98.0000,christian,TRUE,americas,329466283,US
2021-02-27,28529845,510757,,27978833,196,US,USA,United States,coastline,39.0000,-98.0000,christian,TRUE,americas,329466283,US
2021-02-28,28594238,512245,,28041583,196,US,USA,United States,coastline,39.0000,-98.0000,christian,TRUE,americas,329466283,US
2021-03-01,28645477,513284,,28091690,196,US,USA,United States,coastline,39.0000,-98.0000,christian,TRUE,americas,329466283,US
2021-03-02,28704389,514802,,28148936,196,US,USA,United States,coastline,39.0000,-98.0000,christian,TRUE,americas,329466283,US
2021-03-03,28761430,516730,,28202083,196,US,USA,United States,coastline,39.0000,-98.0000,christian,TRUE,americas,329466283,US
2021-03-04,28828624,519197,,28241611,196,US,USA,United States,coastline,39.0000,-98.0000,christian,TRUE,americas,329466283,US
2021-03-05,28896622,521111,,28305900,196,US,USA,United States,coastline,39.0000,-98.0000,christian,TRUE,americas,329466283,US
2021-03-06,28963025,522872,,28367864,196,US,USA,United States,coastline,39.0000,-98.0000,christian,TRUE,americas,329466283,US
2021-03-07,29021220,524360,,28428179,196,US,USA,United States,coastline,39.0000,-98.0000,christian,TRUE,americas,329466283,US
2021-03-08,29062186,525033,,,196,US,USA,United States,coastline,39.0000,-98.0000,christian,TRUE,americas,329466283,US
2021-03-09,29107200,525754,,,196,US,USA,United States,coastline,39.0000,-98.0000,christian,TRUE,americas,329466283,US
2021-03-10,29164895,527702,,,196,US,USA,United States,coastline,39.0000,-98.0000,christian,TRUE,americas,329466283,US
2021-03-11,29222834,529256,,,196,US,USA,United States,coastline,39.0000,-98.0000,christian,TRUE,americas,329466283,US
2021-03-12,29285238,530813,,,196,US,USA,United States,coastline,39.0000,-98.0000,christian,TRUE,americas,329466283,US
2021-03-13,29346442,532582,,,196,US,USA,United States,coastline,39.0000,-98.0000,christian,TRUE,americas,329466283,US